,name,sector,industry,country,mktCap,fullTimeEmployees
ticker,error,,,,,
AAB.TO,ABERDEEN INTERNATIONAL INC.,Financial Services,Asset Management,Canada,38374560,2
AAV.TO,ADVANTAGE OIL & GAS LTD.,Energy,Oil & Gas E&P,Canada,451471200,39
ABST.TO,ABSOLUTE SOFTWARE CORPORATION,Technology,Software—Application,Canada,837441408,526
ABT.TO,delisted,,,,,
ABX.TO,BARRICK GOLD CORPORATION,Basic Materials,Gold,Canada,44637089792,
AC.TO,AIR CANADA,Industrials,Airlines,Canada,8881157120,
ACB.TO,AURORA CANNABIS INC,Healthcare,Drug Manufacturers—Specialty & Generic,Canada,2266048768,2731
ACB.WT.TO,delisted,,,,,
ACB.WT.U.TO,error,,,,,
ACD.TO,ACCORD FINANCIAL,Financial Services,Credit Services,Canada,56916752,106
ACD.DB.TO,error,,,,,
ACO.X.TO,error,,,,,
ACO.Y.TO,error,,,,,
ACQ.TO,AUTOCANADA INC,Consumer Cyclical,Auto & Truck Dealerships,Canada,785218048,
ACZ.TO,error,,,,,
AD.DB.TO,error,,,,,
AD.UN.TO,delisted,,,,,
ADN.TO,ACADIAN TIMBER CORP,Basic Materials,Lumber & Wood Production,Canada,324393344,
ADW.A.TO,delisted,,,,,
ADW.B.TO,delisted,,,,,
AEG.TO,AEGIS BRANDS INC,Consumer Cyclical,Restaurants,Canada,26513500,
AEM.TO,AGNICO EAGLE MINES LIMITED,Basic Materials,Gold,Canada,18001840128,6210
AEZS.TO,AETERNA ZENTARIS INC,Healthcare,Biotechnology,United States,186532496,
AFN.TO,AG GROWTH INTERNATIONAL INC.,Industrials,Farm & Heavy Construction Machinery,Canada,801709120,
AFN.DB.D.TO,error,,,,,
AFN.DB.E.TO,error,,,,,
AFN.DB.F.TO,error,,,,,
AFN.DB.G.TO,error,,,,,
AFN.DB.H.TO,error,,,,,
AGF.B.TO,delisted,,,,,
AGI.TO,ALAMOS GOLD INC CLS A,Basic Materials,Gold,Canada,3908131072,1700
AH.TO,ALEAFIA HEALTH INC,Healthcare,Drug Manufacturers—Specialty & Generic,Canada,198171616,
AH.DB.TO,delisted,,,,,
AH.WT.TO,delisted,,,,,
AH.WT.A.TO,error,,,,,
AHC.TO,APOLLO HEALTHCARE CORP,Consumer Defensive,Household & Personal Products,Canada,325870816,500
AHC.WT.TO,delisted,,,,,
AI.TO,ATRIUM MORTGAGE INVESTMENT CORP,Financial Services,Mortgage Finance,Canada,563654144,
AI.DB.B.TO,error,,,,,
AI.DB.C.TO,error,,,,,
AI.DB.D.TO,error,,,,,
AI.DB.E.TO,error,,,,,
AIF.TO,ALTUS GROUP LIMITED,Real Estate,Real Estate Services,Canada,2514285568,2200
AII.TO,ALMONTY INDUSTRIES INC,Basic Materials,Other Industrial Metals & Mining,Canada,205296048,431
AIM.TO,AIMIA INC,Industrials,Specialty Business Services,Canada,488337728,18
AIM.PR.A.TO,error,,,,,
AIM.PR.C.TO,error,,,,,
AJX.TO,AGJUNCTION INC,Technology,Communication Equipment,United States,65389684,
AKT.A.TO,delisted,,,,,
AKT.B.TO,delisted,,,,,
AKU.TO,AKUMIN INC,Healthcare,Diagnostics & Research,Canada,319302272,1737
ALA.TO,ALTAGAS LTD.,Utilities,Utilities—Regulated Gas,Canada,5835834880,2984
ALA.PR.A.TO,error,,,,,
ALA.PR.B.TO,error,,,,,
ALA.PR.E.TO,error,,,,,
ALA.PR.G.TO,error,,,,,
ALA.PR.H.TO,error,,,,,
ALA.PR.I.TO,error,,,,,
ALA.PR.K.TO,error,,,,,
ALA.PR.U.TO,error,,,,,
ALB.TO,ALLBANC SPLIT BANC CORP II,Basic Materials,Specialty Chemicals,Canada,28104626,
ALB.PR.C.TO,error,,,,,
ALC.TO,ALGOMA CENTRAL,Industrials,Marine Shipping,Canada,622580800,1600
ALC.DB.A.TO,error,,,,,
ALFA.TO,error,,,,,
ALS.TO,ALTIUS MINERALS CORPORATION,Basic Materials,Other Industrial Metals & Mining,Canada,598937984,15
ALYA.TO,ALITHYA GROUP INC,Technology,Information Technology Services,Canada,191035728,2200
AMM.TO,ALMADEN MINERALS LTD.,Basic Materials,Gold,Canada,96054696,
AND.TO,ANDLAUER HEALTHCARE GROUP INC,Healthcare,Medical Distribution,Canada,1439665792,
ANX.TO,ANACONDA MINING INC,Basic Materials,Gold,Canada,124934928,
AOI.TO,AFRICA OIL CORP,Energy,Oil & Gas E&P,Canada,556912768,
AOT.TO,ASCOT RESOURCES LTD,Basic Materials,Other Industrial Metals & Mining,Canada,275341792,
AP.UN.TO,delisted,,,,,
APHA.TO,APHRIA INC,Healthcare,Drug Manufacturers—Specialty & Generic,Canada,6912466944,1200
APLI.TO,APPILI THERAPEUTICS INC,Healthcare,Biotechnology,Canada,62578200,
APR.UN.TO,delisted,,,,,
APS.TO,APTOSE BIOSCIENCES INC,Healthcare,Biotechnology,Canada,655972800,39
APY.TO,ANGLO PACIFIC GROUP PLC,Basic Materials,Coking Coal,United Kingdom,485279904,11
AQA.TO,AQUILA RESOURCES INC.,Basic Materials,Other Industrial Metals & Mining,Canada,30470042,19
AQN.TO,ALGONQUIN POWER AND UTILITIES C,Utilities,Utilities—Renewable,Canada,11961626624,3441
AQN.PR.A.TO,error,,,,,
AQN.PR.D.TO,error,,,,,
AR.TO,ARGONAUT GOLD INC.,Basic Materials,Gold,United States,675268544,
AR.DB.U.TO,error,,,,,
ARB.TO,error,,,,,
ARE.TO,AECON GROUP INC,Industrials,Engineering & Construction,Canada,1176694912,5260
ARE.DB.C.TO,error,,,,,
ARG.TO,AMERIGO RESOURCES LTD.,Basic Materials,Copper,Canada,160884400,
ARX.TO,ARC RESOURCES LTD.,Energy,Oil & Gas E&P,Canada,2717430784,
ASM.TO,AVINO SILVER AND GOLD MINES LTD,Basic Materials,Silver,Canada,156678464,
ASND.TO,ASCENDANT RESOURCES INC,Basic Materials,Other Industrial Metals & Mining,Canada,16177728,
ASND.WT.TO,error,,,,,
ASP.TO,ACERUS PHARMACEUTICALS CORP,Healthcare,Drug Manufacturers—Specialty & Generic,Canada,76879504,10
ASP.RT.TO,error,,,,,
AT.TO,ACUITYADS HOLDINGS INC,Communication Services,Internet Content & Information,Canada,875052288,173
ATA.TO,ATS AUTOMATION,Industrials,Specialty Industrial Machinery,Canada,2481069312,4500
ATD.A.TO,delisted,,,,,
ATD.B.TO,delisted,,,,,
ATE.TO,ANTIBE THERAPEUTICS INC,Healthcare,Biotechnology,Canada,227991088,47
ATH.TO,ATHABASCA OIL CORP,Energy,Oil & Gas E&P,Canada,254724000,140
ATP.TO,ATLANTIC POWER CORP.,Utilities,Utilities—Independent Power Producers,United States,317588640,261
ATP.DB.E.TO,error,,,,,
ATSX.TO,error,,,,,
ATZ.TO,ARITZIA INC,Consumer Cyclical,Apparel Retail,Canada,3261100800,3480
AUGB.F.TO,delisted,,,,,
AUMN.TO,GOLDEN MINERALS COMPANY,Basic Materials,Other Precious Metals & Mining,United States,137277024,192
AUP.TO,AURINIA PHARMACEUTICALS INC,Healthcare,Biotechnology,Canada,2006078720,294
AVCN.TO,AVICANNA INC,Healthcare,Drug Manufacturers—Specialty & Generic,Canada,43416972,139
AVL.TO,AVALON ADVANCED MATERIALS INC,Basic Materials,Other Industrial Metals & Mining,Canada,73198232,
AVP.TO,AVCORP INDUSTRIES INC.,Industrials,Aerospace & Defense,Canada,31290116,546
AW.UN.TO,delisted,,,,,
AX.PR.A.TO,error,,,,,
AX.PR.E.TO,error,,,,,
AX.PR.I.TO,error,,,,,
AX.UN.TO,delisted,,,,,
AXU.TO,ALEXCO RESOURCE CORP,Basic Materials,Other Precious Metals & Mining,Canada,461275776,130
AYA.TO,AYA GOLD AND SILVER INC,Basic Materials,Other Precious Metals & Mining,Canada,451768832,
AYM.TO,ATALAYA MINING PLC,Basic Materials,Copper,Cyprus,726620992,483
AZP.PR.A.TO,error,,,,,
AZP.PR.B.TO,error,,,,,
AZP.PR.C.TO,error,,,,,
AZZ.TO,AZARGA URANIUM CORP,Energy,Uranium,Canada,64796760,
BAD.TO,BADGER DAYLIGHTING LTD.,Industrials,Engineering & Construction,Canada,1499410432,1875
BAM.A.TO,delisted,,,,,
BAM.PF.A.TO,error,,,,,
BAM.PF.B.TO,error,,,,,
BAM.PF.C.TO,error,,,,,
BAM.PF.D.TO,error,,,,,
BAM.PF.E.TO,error,,,,,
BAM.PF.F.TO,error,,,,,
BAM.PF.G.TO,error,,,,,
BAM.PF.H.TO,error,,,,,
BAM.PF.I.TO,error,,,,,
BAM.PF.J.TO,error,,,,,
BAM.PR.B.TO,error,,,,,
BAM.PR.C.TO,error,,,,,
BAM.PR.E.TO,error,,,,,
BAM.PR.G.TO,error,,,,,
BAM.PR.K.TO,error,,,,,
BAM.PR.M.TO,error,,,,,
BAM.PR.N.TO,error,,,,,
BAM.PR.R.TO,error,,,,,
BAM.PR.S.TO,error,,,,,
BAM.PR.T.TO,error,,,,,
BAM.PR.X.TO,error,,,,,
BAM.PR.Z.TO,error,,,,,
BASE.TO,error,,,,,
BASE.B.TO,delisted,,,,,
BB.TO,BLACKBERRY LIMITED,Technology,Software—Infrastructure,Canada,6819123712,3647
BBD.A.TO,delisted,,,,,
BBD.B.TO,delisted,,,,,
BBD.PR.B.TO,error,,,,,
BBD.PR.C.TO,error,,,,,
BBD.PR.D.TO,error,,,,,
BBL.A.TO,delisted,,,,,
BBTV.TO,BBTV HOLDINGS INC,Communication Services,Internet Content & Information,Canada,211033488,
BBU.UN.TO,delisted,,,,,
BC.U.TO,delisted,,,,,
BC.WT.U.TO,error,,,,,
BCE.TO,BCE INC.,Communication Services,Telecom Services,Canada,51994050560,50704
BCE.PR.A.TO,error,,,,,
BCE.PR.B.TO,error,,,,,
BCE.PR.C.TO,error,,,,,
BCE.PR.D.TO,error,,,,,
BCE.PR.E.TO,error,,,,,
BCE.PR.F.TO,error,,,,,
BCE.PR.G.TO,error,,,,,
BCE.PR.H.TO,error,,,,,
BCE.PR.I.TO,error,,,,,
BCE.PR.J.TO,error,,,,,
BCE.PR.K.TO,error,,,,,
BCE.PR.L.TO,error,,,,,
BCE.PR.M.TO,error,,,,,
BCE.PR.N.TO,error,,,,,
BCE.PR.O.TO,error,,,,,
BCE.PR.Q.TO,error,,,,,
BCE.PR.R.TO,error,,,,,
BCE.PR.S.TO,error,,,,,
BCE.PR.T.TO,error,,,,,
BCE.PR.Y.TO,error,,,,,
BCE.PR.Z.TO,error,,,,,
BCI.TO,NEW LOOK VISION GROUP INC,Consumer Cyclical,Specialty Retail,Canada,778625152,
BDI.TO,BLACK DIAMOND GROUP LTD,Industrials,Rental & Leasing Services,Canada,192231920,349
BDIV.TO,error,,,,,
BDT.TO,BIRD CONSTRUCTION INC.,Industrials,Engineering & Construction,Canada,467272736,
BEI.UN.TO,delisted,,,,,
BEK.B.TO,delisted,,,,,
BEP.PR.E.TO,error,,,,,
BEP.PR.G.TO,error,,,,,
BEP.PR.I.TO,error,,,,,
BEP.PR.K.TO,error,,,,,
BEP.PR.M.TO,error,,,,,
BEP.PR.O.TO,error,,,,,
BEP.UN.TO,delisted,,,,,
BEPC.TO,BROOKFIELD RENEWABLE CORPORATIO,Utilities,Utilities—Renewable,United States,9829289984,
BESG.TO,error,,,,,
BFIN.TO,error,,,,,
BGC.TO,error,,,,,
BGI.UN.TO,delisted,,,,,
BGU.TO,error,,,,,
BGU.U.TO,delisted,,,,,
BHC.TO,BAUSCH HEALTH COMPANIES INC,Healthcare,Drug Manufacturers—Specialty & Generic,Canada,13860109312,21600
BIK.PR.A.TO,error,,,,,
BIP.PR.A.TO,error,,,,,
BIP.PR.B.TO,error,,,,,
BIP.PR.C.TO,error,,,,,
BIP.PR.D.TO,error,,,,,
BIP.PR.E.TO,error,,,,,
BIP.PR.F.TO,error,,,,,
BIP.UN.TO,delisted,,,,,
BIPC.TO,BROOKFIELD INFRASTRUCTURE CORPO,Utilities,Utilities—Regulated Gas,United States,4249349888,
BIR.TO,BIRCHCLIFF ENERGY LTD.,Energy,Oil & Gas E&P,Canada,723354112,205
BIR.PR.A.TO,error,,,,,
BIR.PR.C.TO,error,,,,,
BK.TO,CANADIAN BANC CORP,Financial Services,Asset Management,Canada,119076424,
BK.PR.A.TO,error,,,,,
BKI.TO,BLACK IRON INC,Basic Materials,Other Industrial Metals & Mining,Canada,103976000,
BKL.C.TO,delisted,,,,,
BKL.F.TO,delisted,,,,,
BKX.TO,delisted,,,,,
BL.UN.TO,delisted,,,,,
BLB.UN.TO,delisted,,,,,
BLDP.TO,BALLARD POWER SYSTEMS INC,Industrials,Specialty Industrial Machinery,Canada,8493888512,785
BLOV.TO,error,,,,,
BLU.TO,BELLUS HEALTH INC.,Healthcare,Biotechnology,Canada,369752512,32
BLX.TO,BORALEX INC.,Utilities,Utilities—Renewable,Canada,4009246208,527
BMO.TO,BANK OF MONTREAL,Financial Services,Banks—Diversified,Canada,73079472128,43360
BMO.PR.A.TO,error,,,,,
BMO.PR.B.TO,error,,,,,
BMO.PR.C.TO,error,,,,,
BMO.PR.D.TO,error,,,,,
BMO.PR.E.TO,error,,,,,
BMO.PR.F.TO,error,,,,,
BMO.PR.Q.TO,error,,,,,
BMO.PR.S.TO,error,,,,,
BMO.PR.T.TO,error,,,,,
BMO.PR.W.TO,error,,,,,
BMO.PR.Y.TO,error,,,,,
BMO.PR.Z.TO,error,,,,,
BNAU.TO,BATTLE NORTH GOLD CORP,Basic Materials,Gold,Canada,338572096,
BNC.TO,error,,,,,
BND.TO,error,,,,,
BNE.TO,BONTERRA ENERGY CORP,Energy,Oil & Gas E&P,Canada,130023848,36
BNG.TO,BENGAL ENERGY LTD.,Energy,Oil & Gas E&P,Canada,36803896,
BNK.TO,BIG BANC SPLIT CORP,Financial Services,Asset Management,Canada,46760000,
BNK.PR.A.TO,error,,,,,
BNS.TO,BANK OF NOVA SCOTIA,Financial Services,Banks—Diversified,Canada,96414023680,89808
BNS.PR.E.TO,error,,,,,
BNS.PR.F.TO,error,,,,,
BNS.PR.G.TO,error,,,,,
BNS.PR.H.TO,error,,,,,
BNS.PR.I.TO,error,,,,,
BNS.PR.Z.TO,error,,,,,
BOS.TO,AIRBOSS AMERICA J,Basic Materials,Specialty Chemicals,Canada,1087922816,1318
BPF.UN.TO,delisted,,,,,
BPO.PR.A.TO,error,,,,,
BPO.PR.C.TO,error,,,,,
BPO.PR.E.TO,error,,,,,
BPO.PR.G.TO,error,,,,,
BPO.PR.I.TO,error,,,,,
BPO.PR.N.TO,error,,,,,
BPO.PR.P.TO,error,,,,,
BPO.PR.R.TO,error,,,,,
BPO.PR.S.TO,error,,,,,
BPO.PR.T.TO,error,,,,,
BPO.PR.W.TO,error,,,,,
BPO.PR.X.TO,error,,,,,
BPO.PR.Y.TO,error,,,,,
BPRF.TO,error,,,,,
BPRF.U.TO,delisted,,,,,
BPS.PR.A.TO,error,,,,,
BPS.PR.B.TO,error,,,,,
BPS.PR.C.TO,error,,,,,
BPS.PR.U.TO,error,,,,,
BPY.UN.TO,delisted,,,,,
BR.TO,BIG ROCK BREWERY INC.,Consumer Defensive,Beverages—Brewers,Canada,38811760,
BRE.TO,BRIDGEMARQ REAL ESTATE SERVICES,Real Estate,Real Estate Services,Canada,157431920,
BREA.TO,error,,,,,
BRF.PR.A.TO,error,,,,,
BRF.PR.B.TO,error,,,,,
BRF.PR.C.TO,error,,,,,
BRF.PR.E.TO,error,,,,,
BRF.PR.F.TO,error,,,,,
BRY.TO,BRI CHEM CORP,Energy,Oil & Gas Equipment & Services,Canada,3708220,49
BSO.UN.TO,delisted,,,,,
BSX.TO,BELO SUN MINING CORP,Basic Materials,Gold,Canada,345841792,
BTB.DB.F.TO,error,,,,,
BTB.DB.G.TO,error,,,,,
BTB.DB.H.TO,error,,,,,
BTB.UN.TO,delisted,,,,,
BTE.TO,BAYTEX ENERGY CORP.,Energy,Oil & Gas E&P,Canada,752008000,
BTO.TO,B2GOLD CORP.,Basic Materials,Gold,Canada,6047792640,
BU.TO,BURCON NUTRASCIENCE CORPORATION,Consumer Defensive,Packaged Foods,Canada,506587744,21
BUA.UN.TO,delisted,,,,,
BUI.TO,BUHLER IND,Industrials,Farm & Heavy Construction Machinery,Canada,81750000,815
BXF.TO,error,,,,,
BYD.TO,BOYD GROUP SERVICES INC,Consumer Cyclical,Personal Services,Canada,4847993344,8956
BYL.TO,BAYLIN TECHNOLOGIES INC,Technology,Communication Equipment,Canada,65839500,
BYL.DB.TO,error,,,,,
CACB.TO,error,,,,,
CAE.TO,CAE INC,Industrials,Aerospace & Defense,Canada,10376070144,10000
CAGG.TO,error,,,,,
CAGS.TO,error,,,,,
CALL.TO,error,,,,,
CALL.B.TO,delisted,,,,,
CAR.UN.TO,delisted,,,,,
CARS.TO,error,,,,,
CARS.B.TO,delisted,,,,,
CARS.U.TO,delisted,,,,,
CAS.TO,CASCADES INC,Basic Materials,Paper & Paper Products,Canada,1671271552,12000
CBH.TO,error,,,,,
CBO.TO,error,,,,,
CCA.TO,COGECO COMMUNICATIONS INC,Communication Services,Telecom Services,Canada,5725903360,3740
CCL.A.TO,delisted,,,,,
CCL.B.TO,delisted,,,,,
CCM.TO,CANAGOLD RESOURCES LTD,Basic Materials,Gold,Canada,32942910,2
CCNS.TO,error,,,,,
CCO.TO,CAMECO CORP,Energy,Uranium,Canada,8338071040,
CCOR.TO,error,,,,,
CCRE.TO,error,,,,,
CCS.PR.C.TO,error,,,,,
CDAY.TO,CERIDIAN HCM HOLDINGS INC,Technology,Software—Application,United States,15678061568,5974
CDD.UN.TO,delisted,,,,,
CDLB.TO,error,,,,,
CDLB.B.TO,delisted,,,,,
CDLB.U.TO,delisted,,,,,
CDV.TO,error,,,,,
CDZ.TO,error,,,,,
CEE.TO,CENTAMIN PLC,Basic Materials,Gold,Channel Islands,2110959872,
CEF.TO,error,,,,,
CEF.U.TO,delisted,,,,,
CERV.TO,CERVUS EQUIPMENT CORPORATION,Industrials,Farm & Heavy Construction Machinery,Canada,247974944,1548
CET.TO,CATHEDRAL ENERGY SERVICES LTD.,Energy,Oil & Gas Drilling,Canada,13666888,118
CEU.TO,CES ENERGY SOLUTIONS CORP,Energy,Oil & Gas Equipment & Services,Canada,407497440,1609
CEW.TO,error,,,,,
CF.TO,CANACCORD GENUITY GROUP INC,Financial Services,Capital Markets,Canada,1090084992,2296
CF.DB.A.TO,error,,,,,
CF.PR.A.TO,error,,,,,
CF.PR.C.TO,error,,,,,
CFF.TO,CONIFEX TIMBER INC,Basic Materials,Lumber & Wood Production,Canada,89189760,270
CFLX.TO,error,,,,,
CFP.TO,CANFOR CORP,Basic Materials,Lumber & Wood Production,Canada,3148005632,7111
CFW.TO,CALFRAC WELL SERVICES LTD.,Energy,Oil & Gas Equipment & Services,Canada,144770896,
CFX.TO,CANFOR PULP PRODUCTS INC.,Basic Materials,Paper & Paper Products,Canada,602106112,1278
CG.TO,CENTERRA GOLD INC.,Basic Materials,Gold,Canada,3281054208,
CGAA.TO,error,,,,,
CGG.TO,CHINA GOLD INT RESOURCES CORP.,Basic Materials,Other Precious Metals & Mining,Canada,1320058624,2085
CGI.TO,error,,,,,
CGI.PR.D.TO,error,,,,,
CGL.TO,error,,,,,
CGL.C.TO,delisted,,,,,
CGLO.TO,error,,,,,
CGO.TO,"COGECO INC., SV",Communication Services,Telecom Services,Canada,1552984448,3740
CGR.TO,error,,,,,
CGRA.TO,error,,,,,
CGRE.TO,error,,,,,
CGX.TO,CINEPLEX INC.,Communication Services,Entertainment,Canada,792298368,10000
CGX.DB.B.TO,error,,,,,
CGXF.TO,error,,,,,
CGY.TO,CALIAN GROUP LTD,Industrials,Specialty Business Services,Canada,619634944,4400
CHB.TO,error,,,,,
CHE.DB.B.TO,error,,,,,
CHE.DB.C.TO,error,,,,,
CHE.DB.D.TO,error,,,,,
CHE.DB.E.TO,error,,,,,
CHE.DB.F.TO,error,,,,,
CHE.UN.TO,delisted,,,,,
CHNA.B.TO,delisted,,,,,
CHP.UN.TO,delisted,,,,,
CHR.TO,CHORUS AVIATION INC,Industrials,Airlines,Canada,726782848,2875
CHR.DB.A.TO,error,,,,,
CHW.TO,CHESSWOOD GROUP LIMITED,Financial Services,Credit Services,Canada,151172432,144
CIA.TO,CHAMPION IRON LIMITED,Basic Materials,Other Industrial Metals & Mining,Australia,2458387456,
CIC.TO,error,,,,,
CIF.TO,error,,,,,
CIGI.TO,COLLIERS INTERNATIONAL GROUP IN,Real Estate,Real Estate Services,Canada,5208697344,15370
CINC.TO,error,,,,,
CINC.B.TO,delisted,,,,,
CINC.U.TO,delisted,,,,,
CINF.TO,error,,,,,
CINT.TO,error,,,,,
CIQ.UN.TO,delisted,,,,,
CIU.PR.A.TO,error,,,,,
CIU.PR.C.TO,error,,,,,
CIX.TO,CI FINANCIAL CORP.,Financial Services,Asset Management,Canada,3881129984,
CJ.TO,CARDINAL ENERGY LTD,Energy,Oil & Gas E&P,Canada,359655008,
CJ.DB.TO,error,,,,,
CJ.DB.A.TO,error,,,,,
CJR.B.TO,delisted,,,,,
CJT.TO,CARGOJET INC.,Industrials,Integrated Freight & Logistics,Canada,2871655424,1237
CJT.DB.D.TO,error,,,,,
CJT.DB.E.TO,error,,,,,
CJT.DB.F.TO,error,,,,,
CKI.TO,CLARKE INC,Financial Services,Asset Management,Canada,120084104,
CKI.DB.TO,error,,,,,
CLF.TO,error,,,,,
CLG.TO,error,,,,,
CLIQ.TO,ALCANNA INC,Consumer Cyclical,Specialty Retail,Canada,313582880,
CLIQ.DB.TO,error,,,,,
CLQ.TO,CLEAN TEQ HOLDINGS LIMITED,Basic Materials,Industrial Metals & Minerals,Australia,189635504,
CLR.TO,error,,,,,
CLS.TO,"CELESTICA INC., SV",Technology,Electronic Components,Canada,1335677952,18226
CM.TO,CANADIAN IMPERIAL BANK OF COMME,Financial Services,Banks—Diversified,Canada,56057380864,43890
CM.PR.O.TO,error,,,,,
CM.PR.P.TO,error,,,,,
CM.PR.Q.TO,error,,,,,
CM.PR.R.TO,error,,,,,
CM.PR.S.TO,error,,,,,
CM.PR.T.TO,error,,,,,
CM.PR.Y.TO,error,,,,,
CMAG.TO,error,,,,,
CMAR.TO,error,,,,,
CMAR.U.TO,delisted,,,,,
CMCE.TO,error,,,,,
CMG.TO,COMPUTER MODELLING GROUP LTD,Technology,Software—Application,Canada,456827360,197
CMMC.TO,COPPER MOUNTAIN MINING CORP,Basic Materials,Copper,Canada,616732416,
CMR.TO,error,,,,,
CMUE.TO,error,,,,,
CNE.TO,CANACOL ENERGY LTD,Energy,Oil & Gas E&P,Canada,635483136,373
CNQ.TO,CDN NATURAL RES,Energy,Oil & Gas E&P,Canada,46275219456,
CNR.TO,CANADIAN NATIONAL RAILWAY CO.,Industrials,Railroads,Canada,104415166464,24381
CNT.TO,CENTURY GLOBAL COMMODITIES CORP,Consumer Defensive,Food Distribution,Hong Kong,21178490,24
CNU.TO,CNOOC LIMITED,Energy,Oil & Gas E&P,Hong Kong,60841398272,18151
COG.TO,CONDOR GOLD PLC,Basic Materials,Gold,United Kingdom,107454600,51
COMM.TO,error,,,,,
CORP.TO,error,,,,,
COW.TO,error,,,,,
CP.TO,CANADIAN PACIFIC RAILWAY LIMITE,Industrials,Railroads,Canada,60000161792,11890
CPD.TO,error,,,,,
CPG.TO,CRESCENT POINT ENERGY CORP.,Energy,Oil & Gas E&P,Canada,2777388544,735
CPH.TO,CIPHER PHARMACEUTICALS INC,Healthcare,Drug Manufacturers—Specialty & Generic,Canada,31828138,5
CPI.TO,CONDOR PETROLEUM INC,Energy,Oil & Gas E&P,Canada,21640900,46
CPLS.TO,error,,,,,
CPX.TO,CAPITAL POWER CORPORATION,Utilities,Utilities—Independent Power Producers,Canada,3958996480,793
CPX.PR.A.TO,error,,,,,
CPX.PR.C.TO,error,,,,,
CPX.PR.E.TO,error,,,,,
CPX.PR.G.TO,error,,,,,
CPX.PR.I.TO,error,,,,,
CPX.PR.K.TO,error,,,,,
CR.TO,CREW ENERGY INC,Energy,Oil & Gas E&P,Canada,172347472,
CRDL.TO,CARDIOL THERAPEUTICS INC,Healthcare,Drug Manufacturers—Specialty & Generic,Canada,151920496,
CRDL.WT.TO,delisted,,,,,
CRED.TO,error,,,,,
CRED.U.TO,delisted,,,,,
CRH.TO,CRH MEDICAL CORPORATION,Healthcare,Medical Instruments & Supplies,Canada,355237184,133
CRON.TO,CRONOS GROUP INC,Healthcare,Drug Manufacturers—Specialty & Generic,Canada,4200620032,
CRP.TO,CERES GLOBAL AG CORP.,Industrials,Specialty Business Services,United States,140016240,192
CRR.UN.TO,delisted,,,,,
CRRX.TO,CARERX CORPORATION,Healthcare,Medical Care Facilities,Canada,166907280,778
CRT.UN.TO,delisted,,,,,
CRWN.TO,CROWN CAPITAL PARTNERS INC,Financial Services,Credit Services,Canada,47546468,9
CRWN.DB.TO,error,,,,,
CS.TO,CAPSTONE MINING CORP.,Basic Materials,Copper,Canada,1578292224,
CSAV.TO,error,,,,,
CSD.TO,error,,,,,
CSE.PR.A.TO,error,,,,,
CSH.UN.TO,delisted,,,,,
CSM.TO,CLEARSTREAM ENERGY SERVICES INC,Energy,Oil & Gas Equipment & Services,Canada,9899370,
CSU.TO,CONSTELLATION SOFTWARE INC.,Technology,Software—Application,Canada,36462731264,
CSU.DB.TO,error,,,,,
CSW.A.TO,delisted,,,,,
CSW.B.TO,delisted,,,,,
CSY.TO,error,,,,,
CTC.TO,"CANADIAN TIRE CORPORATION, LIMI",Consumer Cyclical,Specialty Retail,Canada,10923464704,13399
CTC.A.TO,delisted,,,,,
CTF.UN.TO,delisted,,,,,
CTX.TO,CRESCITA THERAPEUTICS INC,Healthcare,Drug Manufacturers—Specialty & Generic,Canada,15486300,
CU.TO,"CANADIAN UTILITIES LTD., CL.A, ",Utilities,Utilities—Diversified,Canada,9281983488,4473
CU.PR.C.TO,error,,,,,
CU.PR.D.TO,error,,,,,
CU.PR.E.TO,error,,,,,
CU.PR.F.TO,error,,,,,
CU.PR.G.TO,error,,,,,
CU.PR.H.TO,error,,,,,
CU.PR.I.TO,error,,,,,
CU.X.TO,error,,,,,
CUD.TO,error,,,,,
CUF.UN.TO,delisted,,,,,
CUP.RT.U.TO,error,,,,,
CUP.U.TO,delisted,,,,,
CVD.TO,error,,,,,
CVE.TO,CENOVUS ENERGY INC.,Energy,Oil & Gas Integrated,Canada,19810867200,2413
CVG.TO,CLAIRVEST GROUP,Financial Services,Asset Management,Canada,953196736,35
CWB.TO,CDN WESTERN BANK,Financial Services,Banks—Regional,Canada,2836866560,2498
CWB.PR.B.TO,error,,,,,
CWB.PR.C.TO,error,,,,,
CWB.PR.D.TO,error,,,,,
CWEB.TO,CHARLOTTES WEB HOLDINGS INC,Healthcare,Drug Manufacturers—Specialty & Generic,United States,826277056,
CWEB.WR.TO,delisted,,,,,
CWEB.WS.TO,error,,,,,
CWEB.WT.TO,error,,,,,
CWL.TO,CALDWELL PARTNERS INTERNATIONAL,Industrials,Staffing & Employment Services,Canada,44634976,
CWW.TO,error,,,,,
CWX.TO,CANWEL BUILDING MATERIALS GROUP,Basic Materials,Building Materials,Canada,710550848,
CWX.NT.A.TO,error,,,,,
CXB.TO,CALIBRE MINING CORP,Basic Materials,Other Industrial Metals & Mining,Canada,510746112,
CXF.TO,error,,,,,
CXI.TO,CURRENCY EXCHANGE INTERNATIONAL,Financial Services,Capital Markets,United States,74786952,194
CYB.TO,CYMBRIA CORPORATION CL A,Financial Services,Asset Management,Canada,1319297024,
CYBR.TO,error,,,,,
CYBR.B.TO,delisted,,,,,
CYBR.U.TO,delisted,,,,,
CYH.TO,error,,,,,
D.UN.TO,delisted,,,,,
DANC.TO,error,,,,,
DBO.TO,DBOX TECHNOLOGIES INC,Technology,Consumer Electronics,Canada,22022600,84
DC.A.TO,delisted,,,,,
DC.PR.B.TO,error,,,,,
DC.PR.D.TO,error,,,,,
DCBO.TO,DOCEBO INC,Technology,Software—Application,Canada,1657352576,488
DCC.TO,error,,,,,
DCG.TO,error,,,,,
DCM.TO,DATA COMMUNICATIONS MGMT CORP,Industrials,Specialty Business Services,Canada,31584242,1100
DCP.TO,error,,,,,
DCS.TO,error,,,,,
DCU.TO,error,,,,,
DF.TO,DIVIDEND 15 SPLIT CORP. II,Financial Services,Asset Management,Canada,64670160,
DF.PR.A.TO,error,,,,,
DFC.TO,error,,,,,
DFD.TO,error,,,,,
DFE.TO,error,,,,,
DFN.TO,DIVIDEND 15 SPLIT CORP,Financial Services,Asset Management,Canada,509115520,
DFN.PR.A.TO,error,,,,,
DFU.TO,error,,,,,
DGR.TO,error,,,,,
DGR.B.TO,delisted,,,,,
DGRC.TO,error,,,,,
DGS.TO,DIVIDEND GROWTH SPLIT CORP. CLA,Financial Services,Asset Management,Canada,180114864,
DGS.PR.A.TO,error,,,,,
DIAM.TO,STAR DIAMOND CORPORATION,Basic Materials,Other Precious Metals & Mining,Canada,85880760,
DII.A.TO,delisted,,,,,
DII.B.TO,delisted,,,,,
DIR.UN.TO,delisted,,,,,
DISC.TO,error,,,,,
DIV.TO,DIVERSIFIED ROYALTY CORP,Industrials,Conglomerates,Canada,295698720,38
DIV.DB.TO,error,,,,,
DIVS.TO,error,,,,,
DLR.TO,error,,,,,
DLR.U.TO,delisted,,,,,
DML.TO,DENISON MINES CORP.,Energy,Uranium,Canada,1090554112,
DN.TO,DELTA 9 CANNABIS INC,Healthcare,Drug Manufacturers—Specialty & Generic,Canada,60203008,148
DN.DB.TO,error,,,,,
DN.WT.A.TO,error,,,,,
DND.TO,DYE AND DURHAM LIMITED,Technology,Software—Infrastructure,Canada,2750411520,
DNG.TO,DYNACOR GOLD MINES INC,Basic Materials,Gold,Canada,83562552,390
DNT.TO,CANDENTE COPPER CORP,Basic Materials,Copper,Canada,47713180,8
DOL.TO,DOLLARAMA INC,Consumer Defensive,Discount Stores,Canada,16240535552,
DOO.TO,BRP INC,Consumer Cyclical,Recreational Vehicles,Canada,8795165696,14500
DPM.TO,DUNDEE PRECIOUS METALS INC.,Basic Materials,Gold,Canada,1403072256,
DQD.TO,error,,,,,
DQI.TO,error,,,,,
DR.TO,MEDICAL FACILITIES CORP,Healthcare,Medical Care Facilities,Canada,224587472,
DRA.UN.TO,delisted,,,,,
DRCU.TO,error,,,,,
DRFC.TO,error,,,,,
DRFD.TO,error,,,,,
DRFG.TO,error,,,,,
DRFU.TO,error,,,,,
DRM.TO,DREAM UNLIMITED CORP,Real Estate,Real Estate—Development,Canada,1025371136,
DRMC.TO,error,,,,,
DRMD.TO,error,,,,,
DRMU.TO,error,,,,,
DRT.TO,DIRTT ENVIRONMENTAL SOLUTIONS L,Industrials,Engineering & Construction,Canada,310780736,993
DRX.TO,"ADF GROUP INC., SV",Industrials,Metal Fabrication,Canada,56132544,487
DS.TO,DIVIDEND SELECT 15 CORP.,Financial Services,Asset Management,Canada,44254544,
DSG.TO,DESCARTES SYS,Technology,Software—Application,Canada,6333924864,
DXB.TO,error,,,,,
DXC.TO,error,,,,,
DXF.TO,error,,,,,
DXG.TO,error,,,,,
DXM.TO,error,,,,,
DXN.TO,error,,,,,
DXO.TO,error,,,,,
DXP.TO,error,,,,,
DXT.TO,DEXTERRA GROUP INC,Industrials,Engineering & Construction,Canada,386619232,6063
DXU.TO,error,,,,,
DXV.TO,error,,,,,
DXW.TO,error,,,,,
DXZ.TO,error,,,,,
DYA.TO,DYNACERT INC,Industrials,Specialty Industrial Machinery,Canada,213147680,40
DYA.WT.TO,delisted,,,,,
E.TO,ENTERPRISE GROUP INC,Industrials,Engineering & Construction,Canada,9391396,
EARN.TO,error,,,,,
ECN.TO,ECN CAPITAL CORP,Financial Services,Credit Services,Canada,2032127488,600
ECN.DB.TO,delisted,,,,,
ECN.PR.A.TO,error,,,,,
ECN.PR.C.TO,error,,,,,
ECO.TO,ECOSYNTHETIX INC,Basic Materials,Specialty Chemicals,Canada,248560736,25
EDGE.TO,error,,,,,
EDGF.TO,error,,,,,
EDR.TO,ENDEAVOUR SILVER CORP.,Basic Materials,Silver,Canada,1026999680,1115
EDT.TO,SPECTRAL MEDICAL INC,Healthcare,Diagnostics & Research,Canada,120669056,
EDV.TO,ENDEAVOUR MINING CORP,Basic Materials,Gold,United Kingdom,6038724096,
EFH.TO,delisted,,,,,
EFL.TO,ELECTROVAYA INC.,Industrials,Electrical Equipment & Parts,Canada,236348016,
EFN.TO,ELEMENT FLEET MANAGEMENT CORP,Industrials,Rental & Leasing Services,Canada,6056848896,2500
EFN.DB.B.TO,error,,,,,
EFN.PR.A.TO,error,,,,,
EFN.PR.C.TO,error,,,,,
EFN.PR.E.TO,error,,,,,
EFN.PR.I.TO,error,,,,,
EFR.TO,ENERGY FUELS INC.,Energy,Uranium,United States,1079546880,94
EFR.WT.TO,error,,,,,
EFX.TO,ENERFLEX LTD,Energy,Oil & Gas Equipment & Services,Canada,744334080,2000
EGIF.TO,error,,,,,
EGLX.TO,ENTHUSIAST GAMING HOLDINGS INC,Communication Services,Electronic Gaming & Multimedia,Canada,1041003008,
EHE.TO,error,,,,,
EHE.B.TO,delisted,,,,,
EIF.TO,EXCHANGE INCOME CORPORATION,Industrials,Airlines,Canada,1406887040,
EIF.DB.H.TO,error,,,,,
EIF.DB.I.TO,error,,,,,
EIF.DB.J.TO,error,,,,,
EIF.DB.K.TO,error,,,,,
EIT.PR.A.TO,error,,,,,
EIT.PR.B.TO,error,,,,,
EIT.UN.TO,delisted,,,,,
ELD.TO,ELDORADO GOLD CORPORATION,Basic Materials,Gold,Canada,2401802752,
ELEF.TO,SILVER ELEPHANT MINING CORPORAT,Basic Materials,Other Industrial Metals & Mining,Canada,76205960,
ELF.TO,E-L FINANCIAL,Financial Services,Insurance—Life,Canada,3430436608,
ELF.PR.F.TO,error,,,,,
ELF.PR.G.TO,error,,,,,
ELF.PR.H.TO,error,,,,,
ELR.TO,EASTERN PLATINUM LIMITED,Basic Materials,Other Precious Metals & Mining,Canada,50853168,
ELV.TO,error,,,,,
EMA.TO,EMERA INCORPORATED,Utilities,Utilities—Regulated Electric,Canada,13976993792,
EMA.PR.A.TO,error,,,,,
EMA.PR.B.TO,error,,,,,
EMA.PR.C.TO,error,,,,,
EMA.PR.E.TO,error,,,,,
EMA.PR.F.TO,error,,,,,
EMA.PR.H.TO,error,,,,,
EML.PR.A.TO,error,,,,,
EMP.A.TO,delisted,,,,,
EMV.B.TO,delisted,,,,,
ENB.TO,ENBRIDGE INC,Energy,Oil & Gas Midstream,Canada,94329864192,11200
ENB.PF.A.TO,error,,,,,
ENB.PF.C.TO,error,,,,,
ENB.PF.E.TO,error,,,,,
ENB.PF.G.TO,error,,,,,
ENB.PF.I.TO,error,,,,,
ENB.PF.K.TO,error,,,,,
ENB.PF.U.TO,error,,,,,
ENB.PF.V.TO,error,,,,,
ENB.PR.A.TO,error,,,,,
ENB.PR.B.TO,error,,,,,
ENB.PR.C.TO,error,,,,,
ENB.PR.D.TO,error,,,,,
ENB.PR.F.TO,error,,,,,
ENB.PR.H.TO,error,,,,,
ENB.PR.J.TO,error,,,,,
ENB.PR.N.TO,error,,,,,
ENB.PR.P.TO,error,,,,,
ENB.PR.T.TO,error,,,,,
ENB.PR.U.TO,error,,,,,
ENB.PR.V.TO,error,,,,,
ENB.PR.Y.TO,error,,,,,
ENGH.TO,ENGHOUSE SYSTEMS LIMITED,Technology,Software—Application,Canada,3331691008,1763
ENI.UN.TO,delisted,,,,,
ENS.TO,E SPLIT CORP,,,Canada,94565752,
ENS.PR.A.TO,error,,,,,
EOX.TO,EUROMAX RESOURCES LTD,Basic Materials,Other Industrial Metals & Mining,Macedonia,28214048,14
EQB.TO,EQUITABLE GROUP INC,Financial Services,Mortgage Finance,Canada,2126136576,925
EQB.PR.C.TO,error,,,,,
EQL.TO,error,,,,,
EQL.F.TO,delisted,,,,,
EQL.U.TO,delisted,,,,,
EQX.TO,EQUINOX GOLD CORP,Basic Materials,Gold,Canada,2474335744,
EQX.WT.TO,delisted,,,,,
ERD.TO,ERDENE RESOURCE DEVELOPMENT COR,Basic Materials,Other Industrial Metals & Mining,Canada,99326496,
ERE.UN.TO,delisted,,,,,
ERF.TO,ENERPLUS CORPORATION,Energy,Oil & Gas E&P,Canada,1439885568,360
ERO.TO,ERO COPPER CORP,Basic Materials,Copper,Canada,1945647616,2457
ESG.TO,error,,,,,
ESG.F.TO,delisted,,,,,
ESGA.TO,error,,,,,
ESGB.TO,error,,,,,
ESGC.TO,error,,,,,
ESGE.TO,error,,,,,
ESGF.TO,error,,,,,
ESGG.TO,error,,,,,
ESGY.TO,error,,,,,
ESI.TO,ENSIGN ENERGY SERVICES INC.,Energy,Oil & Gas Drilling,Canada,203910832,2930
ESM.TO,EURO SUN MINING INC,Basic Materials,Gold,Canada,55136576,
ESN.TO,ESSENTIAL ENERGY SERVICES LTD,Energy,Oil & Gas Equipment & Services,Canada,41138528,280
ET.TO,EVERTZ TECHNOLOGIES LIMITED,Technology,Communication Equipment,Canada,1118329344,
ETG.TO,ENTREE RESOURCES LTD,Basic Materials,Other Industrial Metals & Mining,Canada,133864568,5
ETHI.TO,error,,,,,
ETP.TO,error,,,,,
ETX.TO,ETRION CORPORATION,Utilities,Utilities—Renewable,Switzerland,125285256,
EUR.TO,error,,,,,
EVT.TO,ECONOMIC INVESTMENT,,,Canada,665441472,
EXE.TO,EXTENDICARE INC,Healthcare,Medical Care Facilities,Canada,691241856,23000
EXE.DB.C.TO,error,,,,,
EXF.TO,EXFO INC,Technology,Communication Equipment,Canada,301542144,1814
EXN.TO,EXCELLON RESOURCES INC.,Basic Materials,Other Industrial Metals & Mining,Canada,125927472,
EXN.WT.TO,error,,,,,
FAF.TO,FIRE AND FLOWER HOLDINGS CORP,Healthcare,Pharmaceutical Retailers,Canada,265100192,389
FAH.U.TO,delisted,,,,,
FAI.TO,error,,,,,
FAO.TO,error,,,,,
FAP.TO,ABERDEEN ASIA-PACIFIC INCOME IN,Financial Services,Asset Management,United Kingdom,150711456,
FAR.TO,FORACO INTERNATIONAL SA,Basic Materials,Other Industrial Metals & Mining,France,54774828,2109
FBE.TO,error,,,,,
FBU.TO,error,,,,,
FC.TO,FIRM CAPITAL MORTGAGE INV. CORP,Financial Services,Mortgage Finance,Canada,437973440,
FC.DB.E.TO,error,,,,,
FC.DB.F.TO,error,,,,,
FC.DB.G.TO,error,,,,,
FC.DB.H.TO,error,,,,,
FC.DB.I.TO,error,,,,,
FC.DB.J.TO,error,,,,,
FCCB.TO,error,,,,,
FCCD.TO,error,,,,,
FCCL.TO,error,,,,,
FCCM.TO,error,,,,,
FCCQ.TO,error,,,,,
FCCV.TO,error,,,,,
FCGB.TO,error,,,,,
FCGI.TO,error,,,,,
FCHH.TO,error,,,,,
FCHY.TO,error,,,,,
FCID.TO,error,,,,,
FCIG.TO,error,,,,,
FCIL.TO,error,,,,,
FCIM.TO,error,,,,,
FCIQ.TO,error,,,,,
FCIV.TO,error,,,,,
FCLH.TO,error,,,,,
FCMH.TO,error,,,,,
FCMI.TO,error,,,,,
FCMO.TO,error,,,,,
FCQH.TO,error,,,,,
FCR.UN.TO,delisted,,,,,
FCRH.TO,error,,,,,
FCRR.TO,error,,,,,
FCSB.TO,error,,,,,
FCU.TO,FISSION URANIUM CORP,Energy,Uranium,Canada,340850080,11
FCUD.TO,error,,,,,
FCUH.TO,error,,,,,
FCUL.TO,error,,,,,
FCUQ.TO,error,,,,,
FCUV.TO,error,,,,,
FCVH.TO,error,,,,,
FDE.TO,error,,,,,
FDV.TO,error,,,,,
FEBB.F.TO,delisted,,,,,
FEC.TO,FRONTERA ENERGY CORPORATION,Energy,Oil & Gas E&P,Canada,615011712,1092
FF.TO,FIRST MINING GOLD CORP,Basic Materials,Gold,Canada,246934784,
FFH.TO,FAIRFAX FINANCIAL HOLDINGS LTD.,Financial Services,Insurance—Property & Casualty,Canada,14448991232,15196
FFH.PR.C.TO,error,,,,,
FFH.PR.D.TO,error,,,,,
FFH.PR.E.TO,error,,,,,
FFH.PR.F.TO,error,,,,,
FFH.PR.G.TO,error,,,,,
FFH.PR.H.TO,error,,,,,
FFH.PR.I.TO,error,,,,,
FFH.PR.J.TO,error,,,,,
FFH.PR.K.TO,error,,,,,
FFH.PR.M.TO,error,,,,,
FFH.U.TO,error,,,,,
FFI.UN.TO,delisted,,,,,
FFN.TO,NORTH AMERICAN FINANCIAL 15 SPL,Financial Services,Asset Management,Canada,144214064,
FFN.PR.A.TO,error,,,,,
FGB.TO,error,,,,,
FGGE.TO,error,,,,,
FGO.TO,error,,,,,
FGO.U.TO,delisted,,,,,
FHB.TO,error,,,,,
FHC.TO,error,,,,,
FHC.F.TO,delisted,,,,,
FHD.TO,error,,,,,
FHE.TO,error,,,,,
FHF.TO,error,,,,,
FHG.TO,error,,,,,
FHH.TO,error,,,,,
FHH.F.TO,delisted,,,,,
FHI.TO,error,,,,,
FHI.B.TO,delisted,,,,,
FHM.TO,error,,,,,
FHQ.TO,error,,,,,
FIE.TO,error,,,,,
FIG.TO,error,,,,,
FIG.U.TO,delisted,,,,,
FIH.U.TO,delisted,,,,,
FINT.TO,error,,,,,
FIRE.TO,THE SUPREME CANNABIS COMPANY IN,Healthcare,Drug Manufacturers—Specialty & Generic,Canada,198365760,400
FIRE.DB.TO,delisted,,,,,
FLAM.TO,error,,,,,
FLB.TO,error,,,,,
FLBA.TO,error,,,,,
FLCD.TO,error,,,,,
FLCI.TO,error,,,,,
FLCP.TO,error,,,,,
FLDM.TO,error,,,,,
FLEM.TO,error,,,,,
FLGA.TO,error,,,,,
FLGD.TO,error,,,,,
FLI.TO,error,,,,,
FLJA.TO,error,,,,,
FLOT.TO,error,,,,,
FLOT.U.TO,delisted,,,,,
FLRM.TO,error,,,,,
FLSD.TO,error,,,,,
FLUI.TO,error,,,,,
FLUR.TO,error,,,,,
FLUS.TO,error,,,,,
FM.TO,FIRST QUANTUM MINERALS LTD,Basic Materials,Copper,Canada,16652723200,
FN.TO,FIRST NATIONAL FINANCIAL CORP.,Financial Services,Mortgage Finance,Canada,2984577536,
FN.PR.A.TO,error,,,,,
FN.PR.B.TO,error,,,,,
FNV.TO,FRANCO-NEVADA CORPORATION,Basic Materials,Gold,Canada,29699084288,
FOOD.TO,GOODFOOD MARKET CORP,Consumer Cyclical,Personal Services,Canada,601421120,
FOOD.DB.TO,delisted,,,,,
FOUR.TO,error,,,,,
FPR.TO,error,,,,,
FQC.TO,error,,,,,
FR.TO,FIRST MAJESTIC SILVER CORP. COM,Basic Materials,Silver,Canada,4433578496,
FRII.TO,FRESHII INC,Consumer Cyclical,Restaurants,Canada,67998272,
FRL.UN.TO,delisted,,,,,
FRU.TO,FREEHOLD ROYALTIES LTD.,Energy,Oil & Gas E&P,Canada,966047232,
FRX.TO,FENNEC PHARMACEUTICALS INC,Healthcare,Biotechnology,United States,202864240,4
FSB.TO,error,,,,,
FSB.U.TO,delisted,,,,,
FSF.TO,error,,,,,
FSL.TO,error,,,,,
FSL.A.TO,delisted,,,,,
FSR.TO,error,,,,,
FST.TO,error,,,,,
FST.A.TO,delisted,,,,,
FSV.TO,FIRSTSERVICE CORPORATION,Real Estate,Real Estate Services,Canada,8264578560,24000
FSY.TO,FORSYS METALS CORP.,Basic Materials,Other Industrial Metals & Mining,Canada,115160312,3
FSZ.TO,FIERA CAPITAL CORP,Financial Services,Asset Management,Canada,1048528256,840
FSZ.DB.TO,error,,,,,
FSZ.DB.A.TO,error,,,,,
FT.TO,FORTUNE MNRL J,Basic Materials,Other Industrial Metals & Mining,Canada,62921772,6
FTB.TO,error,,,,,
FTG.TO,FIRAN TECHNOLOGY GROUP CORP.,Industrials,Aerospace & Defense,Canada,52166260,486
FTN.TO,FINANCIAL 15 SPLIT CORP,Financial Services,Asset Management,Canada,199103104,
FTN.PR.A.TO,error,,,,,
FTS.TO,FORTIS INC,Utilities,Utilities—Regulated Electric,Canada,25533960192,8961
FTS.PR.F.TO,error,,,,,
FTS.PR.G.TO,error,,,,,
FTS.PR.H.TO,error,,,,,
FTS.PR.I.TO,error,,,,,
FTS.PR.J.TO,error,,,,,
FTS.PR.K.TO,error,,,,,
FTS.PR.M.TO,error,,,,,
FTT.TO,FINNING INTL,Industrials,Industrial Distribution,Canada,5365741568,
FTU.TO,US FINANCIAL 15 SPLIT CORP.,Financial Services,Asset Management,Canada,1255201,
FTU.PR.B.TO,error,,,,,
FUD.TO,error,,,,,
FUD.A.TO,delisted,,,,,
FURY.TO,FURY GOLD MINES LIMITED,Basic Materials,Other Industrial Metals & Mining,Canada,180157504,20
FVI.TO,FORTUNA SILVER MINES INC,Basic Materials,Silver,Canada,1549088384,
FVI.DB.U.TO,error,,,,,
FVL.TO,FREEGOLD VENTURES LIMITED,Basic Materials,Other Industrial Metals & Mining,Canada,240203600,3
FXC.TO,FAX CAPITAL CORP,Financial Services,Capital Markets,Canada,174911520,
FXC.WT.TO,delisted,,,,,
FXM.TO,error,,,,,
GATO.TO,GATOS SILVER INC,Basic Materials,Other Precious Metals & Mining,United States,857055616,20
GAU.TO,GALIANO GOLD INC,Basic Materials,Gold,Canada,318440672,
GBAL.TO,error,,,,,
GBT.TO,BMTC GROUP INC,Consumer Cyclical,Specialty Retail,Canada,410972896,1704
GC.TO,GREAT CANADIAN GAMING CORPORATI,Consumer Cyclical,Gambling,Canada,2434168576,7900
GC.DB.TO,error,,,,,
GCG.TO,GUARDIAN CAPITAL,Financial Services,Asset Management,Canada,832096512,600
GCG.A.TO,delisted,,,,,
GCL.TO,COLABOR GROUP INC.,Consumer Defensive,Food Distribution,Canada,136282720,649
GCL.DB.A.TO,error,,,,,
GCM.TO,GRAN COLOMBIA GOLD CORP.,Basic Materials,Gold,Canada,336903840,3024
GCM.NT.U.TO,error,,,,,
GCM.WT.B.TO,error,,,,,
GCNS.TO,error,,,,,
GCT.C.TO,error,,,,,
GDC.TO,GENESIS LAND J,Real Estate,Real Estate—Development,Canada,93773792,56
GDEP.TO,error,,,,,
GDEP.B.TO,delisted,,,,,
GDG.UN.TO,delisted,,,,,
GDI.TO,GDI INTEGRATED FACILITY SERVICE,Industrials,Specialty Business Services,Canada,1180792704,
GDL.TO,GOODFELLOW INC,Basic Materials,Lumber & Wood Production,Canada,87680512,673
GDPY.TO,error,,,,,
GDPY.B.TO,delisted,,,,,
GDV.TO,GLOBAL DIVIDEND GROWTH SPLIT CO,Financial Services,Asset Management,Canada,56200204,
GDV.PR.A.TO,error,,,,,
GEC.UN.TO,delisted,,,,,
GEI.TO,GIBSON ENERGY INC,Energy,Oil & Gas Midstream,Canada,3222941952,500
GEI.DB.TO,error,,,,,
GENM.TO,GENERATION MINING LIMITED,Basic Materials,Other Industrial Metals & Mining,Canada,119489048,
GEO.TO,GEODRILL LIMITED,Basic Materials,Other Industrial Metals & Mining,Isle of Man,83301104,
GEQT.TO,error,,,,,
GFL.TO,GFL ENVIRONMENTAL INC,Industrials,Waste Management,Canada,14273223680,15475
GGA.TO,GOLDGROUP MINING INC,Basic Materials,Gold,Canada,8472160,
GGD.TO,GOGOLD RESOURCES INC,Basic Materials,Other Precious Metals & Mining,Canada,611201984,
GGRO.TO,error,,,,,
GH.TO,GAMEHOST INC.,Consumer Cyclical,Resorts & Casinos,Canada,163100000,50
GIB.A.TO,delisted,,,,,
GIGR.TO,error,,,,,
GIGR.B.TO,delisted,,,,,
GIL.TO,GILDAN ACTIVEWEAR INC.,Consumer Cyclical,Apparel Manufacturing,Canada,7694843904,44000
GIQG.TO,error,,,,,
GIQG.B.TO,delisted,,,,,
GIQU.TO,error,,,,,
GIQU.B.TO,delisted,,,,,
GLG.TO,GLG LIFE TECH CORPORATION,Consumer Defensive,Farm Products,Canada,15069360,184
GLO.TO,GLOBAL ATOMIC CORPORATION,Basic Materials,Other Industrial Metals & Mining,Canada,414538208,
GLXY.TO,GALAXY DIGITAL HOLDINGS LTD,Financial Services,Capital Markets,United States,1907908992,
GMO.TO,"GENERAL MOLY, INC.",Basic Materials,Industrial Metals & Minerals,United States,5891879,12
GMP.TO,delisted,,,,,
GMP.PR.B.TO,error,,,,,
GMP.PR.C.TO,error,,,,,
GMX.TO,GLOBEX MINING ENTERPRISES INC,Basic Materials,Other Industrial Metals & Mining,Canada,45099836,
GOLD.TO,GOLDMINING INC,Basic Materials,Gold,Canada,310849856,25
GOOS.TO,CANADA GOOSE HOLDINGS INC,Consumer Cyclical,Apparel Manufacturing,Canada,5675786752,1219
GPR.TO,GREAT PANTHER MINING LIMITED,Basic Materials,Other Industrial Metals & Mining,Canada,347968608,
GRC.TO,GOLD SPRINGS RESOURCE CORP,Basic Materials,Gold,Canada,22413512,
GRT.UN.TO,delisted,,,,,
GSC.TO,GOLDEN STAR RESOURCES LTD,Basic Materials,Gold,Canada,435237760,
GSV.TO,GOLD STANDARD VENTURES CORP,Basic Materials,Gold,Canada,271681760,17
GSY.TO,GOEASY LTD,Financial Services,Credit Services,Canada,1845388672,
GTE.TO,GRAN TIERRA ENERGY INC.,Energy,Oil & Gas E&P,Canada,322944160,322
GTMS.TO,GREENBROOK TMS INC,Healthcare,Medical Care Facilities,Canada,207398400,333
GUD.TO,KNIGHT THERAPEUTICS INC,Healthcare,Drug Manufacturers—Specialty & Generic,Canada,697900864,679
GURU.TO,GURU ORGANIC ENERGY CORP,Consumer Defensive,Packaged Foods,Canada,479321696,50
GVC.TO,GLACIER MEDIA INC,Communication Services,Publishing,Canada,52589460,
GWO.TO,GREAT-WEST LIFECO INC,Financial Services,Insurance—Life,Canada,30965389312,24500
GWO.PR.F.TO,error,,,,,
GWO.PR.G.TO,error,,,,,
GWO.PR.H.TO,error,,,,,
GWO.PR.I.TO,error,,,,,
GWO.PR.L.TO,error,,,,,
GWO.PR.M.TO,error,,,,,
GWO.PR.N.TO,error,,,,,
GWO.PR.O.TO,error,,,,,
GWO.PR.P.TO,error,,,,,
GWO.PR.Q.TO,error,,,,,
GWO.PR.R.TO,error,,,,,
GWO.PR.S.TO,error,,,,,
GWO.PR.T.TO,error,,,,,
GWR.TO,GLOBAL WATER RESOURCES INC,Utilities,Utilities—Regulated Water,United States,473999680,79
GXE.TO,GEAR ENERGY LTD,Energy,Oil & Gas E&P,Canada,132672608,
H.TO,HYDRO ONE LIMITED,Utilities,Utilities—Regulated Electric,Canada,17719195648,5950
HAB.TO,error,,,,,
HAC.TO,error,,,,,
HAD.TO,error,,,,,
HAF.TO,error,,,,,
HAJ.TO,error,,,,,
HAL.TO,error,,,,,
HARC.TO,error,,,,,
HAU.TO,error,,,,,
HAZ.TO,error,,,,,
HBA.TO,error,,,,,
HBAL.TO,error,,,,,
HBB.TO,error,,,,,
HBD.TO,error,,,,,
HBF.TO,error,,,,,
HBF.B.TO,delisted,,,,,
HBF.U.TO,delisted,,,,,
HBGD.TO,error,,,,,
HBGD.U.TO,delisted,,,,,
HBL.UN.TO,delisted,,,,,
HBLK.TO,error,,,,,
HBM.TO,HUDBAY MINERALS INC.,Basic Materials,Copper,Canada,2082337792,
HBP.TO,HELIX BIOPHARM,Healthcare,Biotechnology,Canada,118551712,10
HBU.TO,error,,,,,
HCA.TO,error,,,,,
HCAL.TO,error,,,,,
HCG.TO,HOME CAPITAL GROUP INC.,Financial Services,Mortgage Finance,Canada,1601115520,755
HCN.TO,error,,,,,
HCON.TO,error,,,,,
HCRE.TO,error,,,,,
HDGE.TO,error,,,,,
HDI.TO,HARDWOODS DISTRIBUTION INC,Industrials,Industrial Distribution,Canada,679728000,1329
HE.TO,HANWEI ENERGY SERVICES CORP.,Energy,Oil & Gas Equipment & Services,Canada,4855025,119
HEA.TO,error,,,,,
HEA.U.TO,delisted,,,,,
HED.TO,error,,,,,
HEE.TO,error,,,,,
HEF.TO,error,,,,,
HEJ.TO,error,,,,,
HEMB.TO,error,,,,,
HEP.TO,error,,,,,
HERO.TO,error,,,,,
HEU.TO,error,,,,,
HEWB.TO,error,,,,,
HEX.TO,error,,,,,
HEXO.TO,HEXO CORP,Healthcare,Drug Manufacturers—Specialty & Generic,Canada,971744832,
HFD.TO,error,,,,,
HFG.TO,error,,,,,
HFP.TO,error,,,,,
HFR.TO,error,,,,,
HFT.TO,error,,,,,
HFU.TO,error,,,,,
HGD.TO,error,,,,,
HGGG.TO,error,,,,,
HGI.UN.TO,delisted,,,,,
HGM.TO,error,,,,,
HGR.TO,error,,,,,
HGRO.TO,error,,,,,
HGU.TO,error,,,,,
HGY.TO,error,,,,,
HHF.TO,error,,,,,
HHL.TO,error,,,,,
HHL.B.TO,delisted,,,,,
HHL.U.TO,delisted,,,,,
HIG.TO,error,,,,,
HII.TO,error,,,,,
HIU.TO,error,,,,,
HIX.TO,error,,,,,
HLF.TO,HIGH LINER,Consumer Defensive,Packaged Foods,Canada,445201952,
HLPR.TO,error,,,,,
HLS.TO,HLS THERAPEUTICS INC,Healthcare,Drug Manufacturers—Specialty & Generic,Canada,638675584,88
HMJI.TO,error,,,,,
HMJU.TO,error,,,,,
HMM.A.TO,delisted,,,,,
HMMJ.TO,error,,,,,
HMMJ.U.TO,delisted,,,,,
HMP.TO,error,,,,,
HND.TO,error,,,,,
HNL.TO,delisted,,,,,
HNU.TO,error,,,,,
HNY.TO,error,,,,,
HOD.TO,error,,,,,
HOG.TO,error,,,,,
HOM.DB.U.TO,error,,,,,
HOM.U.TO,delisted,,,,,
HOM.UN.TO,delisted,,,,,
HOT.DB.U.TO,error,,,,,
HOT.U.TO,delisted,,,,,
HOT.UN.TO,delisted,,,,,
HOU.TO,error,,,,,
HPF.TO,error,,,,,
HPF.U.TO,delisted,,,,,
HPR.TO,error,,,,,
HPS.A.TO,delisted,,,,,
HQD.TO,error,,,,,
HQD.U.TO,delisted,,,,,
HQU.TO,error,,,,,
HR.UN.TO,delisted,,,,,
HRAA.TO,error,,,,,
HRR.UN.TO,delisted,,,,,
HRT.TO,HARTE GOLD CORP,Basic Materials,Gold,Canada,176777904,
HRX.TO,HEROUX-DEVTEK,Industrials,Aerospace & Defense,Canada,610493312,2100
HSAV.TO,error,,,,,
HSD.TO,error,,,,,
HSE.TO,delisted,,,,,
HSE.PR.A.TO,error,,,,,
HSE.PR.B.TO,error,,,,,
HSE.PR.C.TO,error,,,,,
HSE.PR.E.TO,error,,,,,
HSE.PR.G.TO,error,,,,,
HSH.TO,error,,,,,
HSL.TO,error,,,,,
HSM.TO,HELIUS MEDICAL TECHNOLOGIES INC,Healthcare,Medical Devices,United States,52808636,19
HSU.TO,error,,,,,
HSUV.U.TO,delisted,,,,,
HTA.TO,error,,,,,
HTA.B.TO,delisted,,,,,
HTA.U.TO,delisted,,,,,
HTB.TO,error,,,,,
HTB.U.TO,delisted,,,,,
HTH.TO,error,,,,,
HUBL.TO,error,,,,,
HUBL.U.TO,delisted,,,,,
HUC.TO,error,,,,,
HUF.U.TO,delisted,,,,,
HUG.TO,error,,,,,
HUIB.TO,error,,,,,
HUL.TO,error,,,,,
HUL.U.TO,delisted,,,,,
HULC.TO,error,,,,,
HULC.U.TO,delisted,,,,,
HUM.TO,error,,,,,
HUM.U.TO,delisted,,,,,
HUN.TO,error,,,,,
HURA.TO,error,,,,,
HUT.TO,HUT 8 MINING CORP,Financial Services,Capital Markets,Canada,1010088000,30
HUT.WT.TO,error,,,,,
HUTL.TO,error,,,,,
HUV.TO,error,,,,,
HUZ.TO,error,,,,,
HWF.TO,error,,,,,
HWO.TO,HIGH ARCTIC ENERGY SERVICES INC,Energy,Oil & Gas Equipment & Services,Canada,58511644,395
HWX.TO,HEADWATER EXPLORATION INC,Energy,Oil & Gas E&P,Canada,764815552,18
HXCN.TO,error,,,,,
HXD.TO,error,,,,,
HXDM.TO,error,,,,,
HXDM.U.TO,delisted,,,,,
HXE.TO,error,,,,,
HXEM.TO,error,,,,,
HXF.TO,error,,,,,
HXH.TO,error,,,,,
HXQ.TO,error,,,,,
HXQ.U.TO,delisted,,,,,
HXS.TO,error,,,,,
HXS.U.TO,delisted,,,,,
HXT.TO,error,,,,,
HXT.U.TO,delisted,,,,,
HXU.TO,error,,,,,
HXX.TO,error,,,,,
HYI.TO,error,,,,,
HZD.TO,error,,,,,
HZM.TO,HORIZONTE MINERALS PLC,Basic Materials,Other Industrial Metals & Mining,United Kingdom,206132496,28
HZU.TO,error,,,,,
IAF.PR.B.TO,error,,,,,
IAF.PR.G.TO,error,,,,,
IAF.PR.I.TO,error,,,,,
IAG.TO,IA FINANCIAL CORPORATION,Financial Services,Insurance—Diversified,Canada,7458078720,
IBG.TO,IBI GROUP INC.,Industrials,Engineering & Construction,Canada,311399392,3000
IBG.DB.D.TO,error,,,,,
IBG.DB.E.TO,error,,,,,
ICE.TO,CANLAN ICE SPORTS CORP.,Consumer Cyclical,Leisure,Canada,52682732,
ICPB.TO,error,,,,,
IDG.TO,INDIGO BOOKS & MUSIC INC.,Consumer Cyclical,Specialty Retail,Canada,109096000,6000
IDR.TO,error,,,,,
IEMB.TO,error,,,,,
IFA.TO,IFABRIC CORP,Consumer Cyclical,Apparel Manufacturing,Canada,123112472,
IFC.TO,INTACT FINANCIAL CORPORATION,Financial Services,Insurance—Property & Casualty,Canada,21698691072,
IFC.PR.A.TO,error,,,,,
IFC.PR.C.TO,error,,,,,
IFC.PR.D.TO,error,,,,,
IFC.PR.E.TO,error,,,,,
IFC.PR.F.TO,error,,,,,
IFC.PR.G.TO,error,,,,,
IFC.PR.I.TO,error,,,,,
IFP.TO,INTERFOR CORPORATION,Basic Materials,Lumber & Wood Production,Canada,1721005952,2800
IFRF.TO,error,,,,,
IGAF.TO,error,,,,,
IGB.TO,error,,,,,
IGCF.TO,error,,,,,
IGLB.TO,error,,,,,
IGM.TO,IGM FINANCIAL INC.,Financial Services,Asset Management,Canada,9415548928,
III.TO,IMPERIAL METALS CORP,Basic Materials,Copper,Canada,556361664,
IIP.UN.TO,delisted,,,,,
ILV.TO,error,,,,,
ILV.F.TO,delisted,,,,,
IMG.TO,IAMGOLD CORP,Basic Materials,Gold,Canada,1820398976,5222
IMO.TO,IMPERIAL OIL,Energy,Oil & Gas Integrated,Canada,22793089024,5800
IMP.TO,INTERMAP TECHNOLOGIES CORPORATI,Technology,Software—Application,United States,24572030,69
IMV.TO,IMV INC,Healthcare,Biotechnology,Canada,256624688,77
IN.TO,INMED PHARMACEUTICALS INC,Healthcare,Biotechnology,Canada,35181600,
INC.UN.TO,delisted,,,,,
INE.TO,INNERGEX RENEWABLE ENERGY INC.,Utilities,Utilities—Renewable,Canada,3790196992,370
INE.DB.B.TO,error,,,,,
INE.DB.C.TO,error,,,,,
INE.PR.A.TO,error,,,,,
INE.PR.C.TO,error,,,,,
INF.UN.TO,delisted,,,,,
INO.UN.TO,delisted,,,,,
INOC.TO,error,,,,,
INQ.TO,"INSCAPE CORP., SV",Consumer Cyclical,"Furnishings, Fixtures & Appliances",Canada,13374051,
INV.TO,INV METALS INC.,Basic Materials,Other Industrial Metals & Mining,Canada,65335692,33
IPCI.TO,INTELLIPHARMACEUTICS INTERNATIO,Healthcare,Biotechnology,Canada,5327572,13
IPCO.TO,INTERNATIONAL PETROLEUM CORPORA,Energy,Oil & Gas E&P,Canada,656158144,
IPL.TO,INTER PIPELINE LTD,Energy,Oil & Gas Midstream,Canada,7695556096,
IPO.TO,INPLAY OIL CORP,Energy,Oil & Gas E&P,Canada,35493432,
IQD.TO,error,,,,,
IQD.B.TO,delisted,,,,,
ISIF.TO,error,,,,,
ISV.TO,INFORMATION SERVICES CORPORATIO,Industrials,Specialty Business Services,Canada,422624992,400
ITE.TO,I3 ENERGY PLC,Energy,Oil & Gas E&P,United Kingdom,115833728,12
ITH.TO,INTERNATIONAL TOWER HILL MINES ,Basic Materials,Gold,Canada,267023968,3
ITP.TO,INTERTAPE POLYMER,Consumer Cyclical,Packaging & Containers,Canada,1697616512,3600
IVN.TO,IVANHOE MINES LTD,Basic Materials,Other Industrial Metals & Mining,Canada,7910638592,710
IVQ.TO,INVESQUE INC CAD,Healthcare,Medical Care Facilities,Canada,180288704,1567
IVQ.DB.U.TO,error,,,,,
IVQ.DB.V.TO,error,,,,,
IVQ.U.TO,delisted,,,,,
JAG.TO,JAGUAR MINING INC,Basic Materials,Gold,Canada,470213280,1160
JAPN.TO,error,,,,,
JAPN.B.TO,delisted,,,,,
JE.TO,JUST ENERGY GROUP INC,Utilities,Utilities—Diversified,Canada,236546720,880
JFS.UN.TO,delisted,,,,,
JOSE.TO,JOSEMARIA RESOURCES INC,Basic Materials,Other Industrial Metals & Mining,Canada,211815088,
JOY.TO,JOURNEY ENERGY INC,Energy,Oil & Gas E&P,Canada,33880768,
JWEL.TO,JAMIESON WELLNESS INC,Consumer Defensive,Packaged Foods,Canada,1488056576,
K.TO,KINROSS GOLD CORP.,Basic Materials,Gold,Canada,10633480192,
KBL.TO,KBRO LINEN INC.,Industrials,Specialty Business Services,Canada,452166688,2000
KEG.UN.TO,delisted,,,,,
KEI.TO,KOLIBRI GLOBAL ENERGY INC,Energy,Oil & Gas E&P,United States,24456916,
KEL.TO,KELT EXPLORATION LTD,Energy,Oil & Gas E&P,Canada,495965408,67
KER.TO,delisted,,,,,
KEY.TO,KEYERA CORP,Energy,Oil & Gas Midstream,Canada,5731126784,959
KILO.TO,error,,,,,
KILO.B.TO,delisted,,,,,
KILO.U.TO,delisted,,,,,
KL.TO,KIRKLAND LAKE GOLD LTD,Basic Materials,Gold,Canada,11233699840,
KLS.TO,KELSO TECHNOLOGIES INC,Industrials,Railroads,Canada,72587936,
KMP.UN.TO,delisted,,,,,
KOR.TO,CORVUS GOLD INC,Basic Materials,Gold,Canada,296321216,2
KPT.TO,KP TISSUE INC,Consumer Defensive,Household & Personal Products,Canada,107562024,
KRN.TO,KARNALYTE RESOURCES INC,Basic Materials,Agricultural Inputs,Canada,9067410,3
KRR.TO,KARORA RESOURCES INC,Basic Materials,Gold,Canada,492454688,
KRR.WT.TO,delisted,,,,,
KXS.TO,KINAXIS INC,Technology,Software—Application,Canada,4025235712,
L.TO,LOBLAW CO,Consumer Defensive,Grocery Stores,Canada,23783806976,220000
L.PR.B.TO,error,,,,,
LABS.TO,MEDIPHARM LABS CORP,Healthcare,Drug Manufacturers—Specialty & Generic,Canada,119945824,230
LAC.TO,LITHIUM AMERICAS CORP,Basic Materials,Other Industrial Metals & Mining,Canada,2186653440,350
LAM.TO,LARAMIDE RESOURCES LTD.,Basic Materials,Other Industrial Metals & Mining,Canada,84670704,7
LAS.A.TO,delisted,,,,,
LB.TO,LAURENTIAN BANK,Financial Services,Banks—Regional,Canada,1753694208,2900
LB.PR.H.TO,error,,,,,
LB.PR.J.TO,error,,,,,
LBS.TO,LIFE & BANC SPLIT CORP.,Financial Services,Asset Management,Canada,263269616,
LBS.PR.A.TO,error,,,,,
LCS.TO,"BROMPTON LIFECO SPLIT CORP, CLA",Financial Services,Asset Management,Canada,32522102,
LCS.PR.A.TO,error,,,,,
LEAD.TO,error,,,,,
LEAD.B.TO,delisted,,,,,
LEAD.U.TO,delisted,,,,,
LFE.TO,CANADIAN LIFE COMPANIES SPLIT C,Financial Services,Asset Management,Canada,51009224,
LFE.PR.B.TO,error,,,,,
LGD.TO,LIBERTY GOLD CORP,Basic Materials,Gold,Canada,381644000,
LGO.TO,LARGO RESOURCES LTD,Basic Materials,Other Industrial Metals & Mining,Canada,1165605376,436
LGT.A.TO,delisted,,,,,
LGT.B.TO,delisted,,,,,
LIF.TO,LABRADOR IRON ORE ROYALTY CORPO,Basic Materials,Steel,Canada,2410880000,
LIFE.TO,error,,,,,
LIFE.B.TO,delisted,,,,,
LIFE.U.TO,delisted,,,,,
LN.TO,LONCOR RESOURCES INC,Basic Materials,Gold,Canada,98979200,
LNF.TO,LEONS FURNITURE,Consumer Cyclical,Specialty Retail,Canada,1827835264,
LNR.TO,LINAMAR CORP,Consumer Cyclical,Auto Parts,Canada,4820592640,26000
LONG.TO,error,,,,,
LS.TO,error,,,,,
LSPD.TO,LIGHTSPEED POS INC,Technology,Software—Application,Canada,9754972160,1100
LUC.TO,LUCARA DIAMOND CORP,Basic Materials,Other Precious Metals & Mining,Canada,293703776,
LUG.TO,LUNDIN GOLD INC,Basic Materials,Gold,Canada,2193043968,
LUN.TO,LUNDIN MINING CORP.,Basic Materials,Copper,Canada,9571516416,
LXR.TO,LXRANDCO INC,Consumer Cyclical,Specialty Retail,Canada,12525732,56
LXR.WT.TO,error,,,,,
MAG.TO,MAG SILVER CORP.,Basic Materials,Silver,Canada,1821913600,8
MAL.TO,MAGELLAN AERO,Industrials,Aerospace & Defense,Canada,601537216,3400
MARI.TO,MARIMACA COPPER CORP,Basic Materials,Copper,Chile,400315808,
MAV.TO,MAV BEAUTY BRANDS INC,Consumer Defensive,Household & Personal Products,Canada,208473424,101
MAW.TO,MAWSON GOLD LIMITED,Basic Materials,Gold,Canada,63942752,5
MAX.TO,MIDAS GOLD INC,Basic Materials,Gold,Canada,431506112,39
MAXR.TO,MAXAR TECHNOLOGIES INC,Technology,Communication Equipment,United States,3401418240,4300
MAYB.F.TO,delisted,,,,,
MBA.TO,CIBT EDUCATION GROUP INC.,Consumer Defensive,Education & Training Services,Canada,52684448,
MBAL.TO,error,,,,,
MBN.TO,MBN CORPORATION,Financial Services,Asset Management,Canada,27984000,
MBX.TO,MICROBIX J,Healthcare,Biotechnology,Canada,58006908,
MCB.TO,MCCOY GLOBAL INC,Energy,Oil & Gas Equipment & Services,Canada,16959526,97
MCLC.TO,error,,,,,
MCON.TO,error,,,,,
MCSB.TO,error,,,,,
MCSM.TO,error,,,,,
MDC.UN.TO,delisted,,,,,
MDF.TO,MDF COMMERCE INC,Communication Services,Internet Content & Information,Canada,355335296,600
MDI.TO,MAJOR DRILLING GRP,Basic Materials,Other Industrial Metals & Mining,Canada,562066368,2500
MDNA.TO,MEDICENNA THERAPEUTICS CORP,Healthcare,Biotechnology,Canada,261865392,7
MDS.UN.TO,delisted,,,,,
MDVD.TO,error,,,,,
ME.TO,MONETA PORCUPINE J,Basic Materials,Gold,Canada,191080320,
MEE.TO,error,,,,,
MEG.TO,MEG ENERGY CORP.,Energy,Oil & Gas E&P,Canada,2046123520,391
MEME.B.TO,delisted,,,,,
MEQ.TO,MAINSTREET EQ J,Real Estate,Real Estate Services,Canada,751822912,407
MEU.TO,error,,,,,
MFC.TO,MANULIFE FIN,Financial Services,Insurance—Life,Canada,52566962176,37000
MFC.PR.B.TO,error,,,,,
MFC.PR.C.TO,error,,,,,
MFC.PR.F.TO,error,,,,,
MFC.PR.G.TO,error,,,,,
MFC.PR.H.TO,error,,,,,
MFC.PR.I.TO,error,,,,,
MFC.PR.J.TO,error,,,,,
MFC.PR.K.TO,error,,,,,
MFC.PR.L.TO,error,,,,,
MFC.PR.M.TO,error,,,,,
MFC.PR.N.TO,error,,,,,
MFC.PR.O.TO,error,,,,,
MFC.PR.P.TO,error,,,,,
MFC.PR.Q.TO,error,,,,,
MFC.PR.R.TO,error,,,,,
MFI.TO,MAPLE LEAF FOODS,Consumer Defensive,Packaged Foods,Canada,3456430848,13500
MFT.TO,error,,,,,
MG.TO,MAGNA INTERNATIONAL INC,Consumer Cyclical,Auto Parts,Canada,32965079040,158000
MGA.TO,MEGA URANIUM LTD.,Energy,Uranium,Canada,68643200,1
MGAB.TO,error,,,,,
MGB.TO,error,,,,,
MGRW.TO,error,,,,,
MHC.U.TO,delisted,,,,,
MI.UN.TO,delisted,,,,,
MIC.TO,SAGEN MI CANADA INC,Financial Services,Insurance—Specialty,Canada,3752255232,
MID.UN.TO,delisted,,,,,
MIN.TO,EXCELSIOR MINING CORP,Basic Materials,Other Industrial Metals & Mining,United States,211303392,
MIND.TO,error,,,,,
MINT.TO,error,,,,,
MINT.B.TO,delisted,,,,,
MIVG.TO,error,,,,,
MKB.TO,error,,,,,
MKC.TO,error,,,,,
MKP.TO,MCAN MORTGAGE CORPORATION,Financial Services,Mortgage Finance,Canada,404593696,112
MKZ.UN.TO,delisted,,,,,
MLD.UN.TO,delisted,,,,,
MMP.UN.TO,delisted,,,,,
MMX.TO,MAVERIX METALS INC,Basic Materials,Other Precious Metals & Mining,Canada,926422592,9
MND.TO,MANDALAY RESOURCES CORPORATION,Basic Materials,Gold,Canada,182472400,
MNS.TO,error,,,,,
MNS.U.TO,delisted,,,,,
MNT.TO,error,,,,,
MNT.U.TO,delisted,,,,,
MOGO.TO,MOGO INC,Technology,Software—Application,Canada,501275712,
MOGO.DB.TO,error,,,,,
MOGO.WT.TO,delisted,,,,,
MOZ.TO,MARATHON GOLD CORPORATION,Basic Materials,Gold,Canada,477777568,
MPC.TO,MADISON PAC CL B,Real Estate,Real Estate Services,Canada,221018240,10
MPC.C.TO,error,,,,,
MPCF.TO,error,,,,,
MPCT.UN.TO,delisted,,,,,
MPVD.TO,MOUNTAIN PROVINCE DIAMONDS INC,Basic Materials,Other Precious Metals & Mining,Canada,109416832,10
MQR.TO,error,,,,,
MR.DB.A.TO,error,,,,,
MR.DB.B.TO,error,,,,,
MR.UN.TO,delisted,,,,,
MRC.TO,MORGUARD CORP.,Real Estate,Real Estate—Diversified,Canada,1310973056,
MRD.TO,MELCOR DEV,Real Estate,Real Estate—Development,Canada,363340256,126
MRE.TO,MARTINREA INTERNATIONAL INC.,Consumer Cyclical,Auto Parts,Canada,1006887936,15800
MRG.DB.A.TO,error,,,,,
MRG.UN.TO,delisted,,,,,
MRT.DB.TO,error,,,,,
MRT.UN.TO,delisted,,,,,
MRU.TO,METRO INC,Consumer Defensive,Grocery Stores,Canada,14277916672,90000
MSI.TO,MORNEAU SHEPELL INC.,Industrials,Staffing & Employment Services,Canada,2269888256,
MSV.TO,MINCO SILVER CORP.,Basic Materials,Silver,Canada,29292048,
MTL.TO,MULLEN GROUP LTD.,Industrials,Trucking,Canada,1179657344,
MTL.DB.TO,error,,,,,
MTY.TO,MTY FOOD GROUP INC,Consumer Cyclical,Restaurants,Canada,1368246016,1941
MUB.TO,error,,,,,
MULC.TO,error,,,,,
MULC.B.TO,delisted,,,,,
MUMC.TO,error,,,,,
MUMC.B.TO,delisted,,,,,
MUS.TO,error,,,,,
MUSC.TO,error,,,,,
MUSC.B.TO,delisted,,,,,
MUX.TO,MCEWEN MINING INC,Basic Materials,Other Precious Metals & Mining,Canada,619248768,377
MWD.TO,error,,,,,
MX.TO,METHANEX CORP,Basic Materials,Chemicals,Canada,3536111360,1489
MXG.TO,MAXIM POWER CORP.,Utilities,Utilities—Independent Power Producers,Canada,117033520,33
MXU.TO,error,,,,,
NA.TO,NATIONAL BANK OF CANADA,Financial Services,Banks—Diversified,Canada,29084751872,26231
NA.PR.A.TO,error,,,,,
NA.PR.C.TO,error,,,,,
NA.PR.E.TO,error,,,,,
NA.PR.G.TO,error,,,,,
NA.PR.S.TO,error,,,,,
NA.PR.W.TO,error,,,,,
NA.PR.X.TO,error,,,,,
NAC.U.TO,delisted,,,,,
NAC.WT.U.TO,error,,,,,
NALT.TO,error,,,,,
NB.TO,NIOCORP DEVELOPMENTS LTD,Basic Materials,Other Industrial Metals & Mining,United States,331063200,9
NCF.TO,NORTHCLIFF RESOURCES LTD,Basic Materials,Other Industrial Metals & Mining,Canada,9556600,
NCG.TO,error,,,,,
NCM.TO,NEWCREST MINING LIMITED,Basic Materials,Gold,Australia,19436247040,
NCP.TO,NICKEL CREEK PLATINUM CORP,Basic Materials,Other Industrial Metals & Mining,Canada,37891148,
NCU.TO,NEVADA COPPER CORP.,Basic Materials,Copper,United States,305653184,
NCU.WT.TO,delisted,,,,,
NDM.TO,NORTHERN DYNASTY MINERALS LTD.,Basic Materials,Other Industrial Metals & Mining,Canada,397056640,
NDM.WT.B.TO,error,,,,,
NEO.TO,NEO PERFORMANCE MATERIALS INC,Basic Materials,Specialty Chemicals,Canada,741341376,1805
NEPT.TO,NEPTUNE WELLNESS SOLUTIONS INC,Healthcare,Drug Manufacturers—Specialty & Generic,Canada,281338080,165
NEXA.TO,NEXA RESOURCES SA,Basic Materials,Other Industrial Metals & Mining,Luxembourg,1694227712,
NEXT.TO,NEXTSOURCE MATERIALS INC,Basic Materials,Other Industrial Metals & Mining,Canada,247984272,
NFAM.TO,error,,,,,
NFI.TO,NFI GROUP INC,Consumer Cyclical,Auto Manufacturers,Canada,1904245760,
NG.TO,NOVAGOLD RES INC.,Basic Materials,Gold,Canada,3773860352,13
NGD.TO,NEW GOLD INC.,Basic Materials,Gold,Canada,1394370688,
NGPE.TO,error,,,,,
NGT.TO,NEWMONT CORPORATION,Basic Materials,Gold,United States,62095020032,14300
NHF.UN.TO,delisted,,,,,
NHK.TO,NIGHTHAWK GOLD CORP,Basic Materials,Gold,Canada,50933500,3
NHYB.TO,error,,,,,
NIF.UN.TO,delisted,,,,,
NML.TO,delisted,,,,,
NOA.TO,NORTH AMERICAN CONSTRUCTION GRO,Energy,Oil & Gas Equipment & Services,Canada,406714208,
NOA.DB.A.TO,error,,,,,
NOVB.F.TO,delisted,,,,,
NPI.TO,NORTHLAND POWER INC.,Utilities,Utilities—Renewable,Canada,9121955840,1150
NPI.PR.A.TO,error,,,,,
NPI.PR.B.TO,error,,,,,
NPI.PR.C.TO,error,,,,,
NPK.TO,VERDE AGRITECH PLC,Basic Materials,Agricultural Inputs,Brazil,80266392,69
NPRF.TO,error,,,,,
NREA.TO,error,,,,,
NRI.TO,delisted,,,,,
NSCB.TO,error,,,,,
NSCE.TO,error,,,,,
NSGE.TO,error,,,,,
NSR.TO,NOMAD ROYALTY COMPANY LTD,Basic Materials,Other Precious Metals & Mining,Canada,558875840,
NTR.TO,NUTRIEN LTD,Basic Materials,Agricultural Inputs,Canada,40124612608,23100
NUAG.TO,NEW PACIFIC METALS CORP,Basic Materials,Other Precious Metals & Mining,Canada,834876800,
NVA.TO,NUVISTA ENERGY LTD.,Energy,Oil & Gas E&P,Canada,535233632,
NVCN.TO,NEOVASC INC,Healthcare,Medical Devices,Canada,95117416,71
NVEI.TO,NUVEI CORPORATION,Technology,Information Technology Services,Canada,10022996992,
NVEI.U.TO,delisted,,,,,
NVU.UN.TO,delisted,,,,,
NWC.TO,THE NORTH WEST COMPANY INC,Consumer Defensive,Grocery Stores,Canada,1755611648,7633
NWH.DB.E.TO,error,,,,,
NWH.DB.F.TO,error,,,,,
NWH.DB.G.TO,error,,,,,
NWH.UN.TO,delisted,,,,,
NXE.TO,NEXGEN ENERGY LTD,Energy,Uranium,Canada,2069762944,32
NXF.TO,error,,,,,
NXF.B.TO,delisted,,,,,
NXJ.TO,NEXJ SYSTEMS INC,Technology,Software—Application,Canada,13222368,114
NZC.TO,NORZINC LTD,Basic Materials,Other Industrial Metals & Mining,Canada,44466320,
NZC.RT.TO,delisted,,,,,
OBE.TO,OBSIDIAN ENERGY LTD,Energy,Oil & Gas E&P,Canada,151443360,
OGC.TO,OCEANAGOLD CORPORATION,Basic Materials,Gold,Australia,1330560000,
OGD.TO,ORBIT GARANT DRILLING INC.,Basic Materials,Other Industrial Metals & Mining,Canada,34060056,1100
OGI.TO,ORGANIGRAM HOLDINGS INC,Healthcare,Drug Manufacturers—Specialty & Generic,Canada,1292782592,516
OLA.TO,ORLA MINING LTD,Basic Materials,Gold,Canada,1105158528,124
OLY.TO,OLYMPIA FINANCIAL GROUP INC,Financial Services,Asset Management,Canada,107539328,211
OMI.TO,OROSUR MINING INC,Basic Materials,Gold,Canada,59329308,10
ONC.TO,ONCOLYTICS BIOTECH INC,Healthcare,Biotechnology,Canada,242190144,25
ONC.WT.TO,error,,,,,
ONEB.TO,error,,,,,
ONEQ.TO,error,,,,,
ONEX.TO,ONEX CORPORATION,Financial Services,Asset Management,Canada,7156926976,497
OPS.TO,OPSENS INC,Healthcare,Medical Instruments & Supplies,Canada,191485792,
OPT.TO,OPTIVA INC,Technology,Software—Infrastructure,Canada,175429984,
OR.TO,OSISKO GOLD ROYALTIES LTD,Basic Materials,Gold,Canada,2366088448,
OR.DB.TO,error,,,,,
OR.WT.TO,error,,,,,
ORA.TO,AURA MINERALS  INC.,Basic Materials,Gold,United States,983320640,
OREA.TO,OREA MINING CORP,Basic Materials,Gold,Canada,22517548,
ORL.TO,OROCOBRE LIMITED,Basic Materials,Other Industrial Metals & Mining,Australia,1548084608,
ORV.TO,ORVANA MINERALS J,Basic Materials,Other Precious Metals & Mining,Canada,34155752,
OSB.TO,error,,,,,
OSK.TO,OSISKO MINING INC,Basic Materials,Other Precious Metals & Mining,Canada,1064733120,193
OSP.TO,BROMPTON OIL SPLIT CORP,Financial Services,Asset Management,Canada,1949578,
OSP.PR.A.TO,error,,,,,
OTEX.TO,OPEN TEXT CORPORATION,Technology,Software—Application,Canada,16440872960,14400
OVV.TO,OVINTIV INC,Energy,Oil & Gas E&P,United States,7961842176,1916
OXC.TO,delisted,,,,,
PAAS.TO,PAN AMERICAN SILVER CORP,Basic Materials,Silver,Canada,8135036416,6850
PAT.TO,PATRIOT ONE TECHNOLOGIES INC,Technology,Software—Application,Canada,75364496,69
PAT.WT.B.TO,error,,,,,
PAT.WT.C.TO,error,,,,,
PATH.TO,COUNTERPATH CORPORATION,Technology,Software—Application,Canada,26801962,72
PAYF.TO,error,,,,,
PBD.TO,error,,,,,
PBH.TO,PREMIUM BRANDS HOLDINGS CORPORA,Consumer Defensive,Packaged Foods,Canada,5163449856,
PBH.DB.F.TO,error,,,,,
PBH.DB.G.TO,error,,,,,
PBH.DB.H.TO,error,,,,,
PBI.TO,error,,,,,
PBI.B.TO,delisted,,,,,
PBL.TO,POLLARD BANKNOTE LIMITED,Consumer Cyclical,Gambling,Canada,1363989376,1776
PBY.UN.TO,delisted,,,,,
PCON.TO,error,,,,,
PCOR.TO,error,,,,,
PD.TO,PRECISION DRILLING CORPORATION,Energy,Oil & Gas Drilling,Canada,358420544,3500
PDC.TO,error,,,,,
PDF.TO,error,,,,,
PDIV.TO,error,,,,,
PDV.TO,PRIME DIVIDEND CORP. CL A,Financial Services,Asset Management,Canada,6386247,
PDV.PR.A.TO,error,,,,,
PEA.TO,PIERIDAE ENERGY LIMITED,Energy,Oil & Gas Integrated,Canada,78821000,
PEY.TO,PEYTO EXPLORATION AND DVLPMNT C,Energy,Oil & Gas E&P,Canada,890681344,
PFAE.TO,error,,,,,
PFB.TO,PFB CORP,Industrials,Building Products & Equipment,Canada,139610384,399
PFH.F.TO,delisted,,,,,
PFIA.TO,error,,,,,
PFL.TO,error,,,,,
PFLS.TO,error,,,,,
PFMN.TO,error,,,,,
PFMS.TO,error,,,,,
PG.TO,PREMIER GOLD MINES LTD.,Basic Materials,Gold,Canada,671827840,
PGI.UN.TO,delisted,,,,,
PHE.TO,error,,,,,
PHE.B.TO,delisted,,,,,
PHO.TO,PHOTON CONTROL INC,Technology,Scientific & Technical Instruments,Canada,261587504,142
PHR.TO,error,,,,,
PHW.TO,error,,,,,
PHX.TO,PHX ENERGY SERVICES CORP.,Energy,Oil & Gas Drilling,Canada,142468592,438
PHYS.TO,error,,,,,
PHYS.U.TO,delisted,,,,,
PIC.A.TO,delisted,,,,,
PIC.PR.A.TO,error,,,,,
PID.TO,error,,,,,
PIF.TO,POLARIS INFRASTRUCTURE INC,Utilities,Utilities—Renewable,Canada,367993408,123
PIF.DB.TO,error,,,,,
PIN.TO,error,,,,,
PINC.TO,error,,,,,
PINV.TO,error,,,,,
PKI.TO,PARKLAND CORPORATION,Energy,Oil & Gas Refining & Marketing,Canada,5693048320,
PL.TO,PINNACLE RENEWABLE ENERGY INC,Basic Materials,Lumber & Wood Production,Canada,373627520,
PLC.TO,PARK LAWN CORPORATION,Consumer Cyclical,Personal Services,Canada,893402304,1827
PLC.DB.TO,delisted,,,,,
PLDI.TO,error,,,,,
PLV.TO,error,,,,,
PLZ.DB.E.TO,error,,,,,
PLZ.UN.TO,delisted,,,,,
PMB.UN.TO,delisted,,,,,
PME.TO,SENTRY SELECT PRIMARY METALS CO,Basic Materials,Gold,Canada,37888112,
PMIF.TO,error,,,,,
PMIF.U.TO,delisted,,,,,
PMM.TO,error,,,,,
PMN.TO,PROMIS NEUROSCIENCES INC,Healthcare,Biotechnology,Canada,55048892,
PMNT.TO,error,,,,,
PMT.TO,PERPETUAL ENERGY INC,Energy,Oil & Gas E&P,Canada,12818691,
PMTS.TO,CPI CARD GROUP INC,Industrials,Business Equipment & Supplies,United States,222789344,1000
PNC.A.TO,delisted,,,,,
PNC.B.TO,delisted,,,,,
PNE.TO,PINE CLIFF ENERGY LTD,Energy,Oil & Gas E&P,Canada,93879520,
PNP.TO,PINETREE CAPITAL LTD,Financial Services,Capital Markets,Canada,21708480,2
POM.TO,POLYMET MINING CORP.,Basic Materials,Other Industrial Metals & Mining,United States,402936000,
POU.TO,PARAMOUNT RESOURCES LTD.,Energy,Oil & Gas E&P,Canada,1443981312,497
POW.TO,"POWER CORPORATION OF CANADA, SV",Financial Services,Insurance—Life,Canada,22552510464,
POW.PR.A.TO,error,,,,,
POW.PR.B.TO,error,,,,,
POW.PR.C.TO,error,,,,,
POW.PR.D.TO,error,,,,,
POW.PR.F.TO,error,,,,,
POW.PR.G.TO,error,,,,,
PPL.TO,PEMBINA PIPELINE CORPORATION,Energy,Oil & Gas Midstream,Canada,19957649408,2623
PPL.PF.A.TO,error,,,,,
PPL.PF.C.TO,error,,,,,
PPL.PF.E.TO,error,,,,,
PPL.PR.A.TO,error,,,,,
PPL.PR.C.TO,error,,,,,
PPL.PR.E.TO,error,,,,,
PPL.PR.G.TO,error,,,,,
PPL.PR.I.TO,error,,,,,
PPL.PR.K.TO,error,,,,,
PPL.PR.M.TO,error,,,,,
PPL.PR.O.TO,error,,,,,
PPL.PR.Q.TO,error,,,,,
PPL.PR.S.TO,error,,,,,
PPR.TO,PRAIRIE PROVIDENT RESOURCES INC,Energy,Oil & Gas E&P,Canada,7040770,32
PPS.TO,error,,,,,
PR.TO,error,,,,,
PRA.TO,error,,,,,
PREF.TO,error,,,,,
PRM.TO,BIG PHARMA SPLIT CORP,Financial Services,Asset Management,Canada,18098022,
PRM.PR.A.TO,error,,,,,
PRMW.TO,PRIMO WATER CORPORATION,Consumer Defensive,Beverages—Non-Alcoholic,United States,3240361728,8880
PRN.TO,PROFOUND MEDICAL CORP,Healthcare,Medical Devices,Canada,489189504,109
PRP.TO,error,,,,,
PRQ.TO,PETRUS RESOURCES LTD,Energy,Oil & Gas E&P,Canada,21519190,16
PRU.TO,PERSEUS MINING LIMITED,Basic Materials,Gold,Australia,1332250368,
PRV.UN.TO,delisted,,,,,
PSA.TO,error,,,,,
PSB.TO,error,,,,,
PSD.TO,PULSE SEISMIC INC.,Energy,Oil & Gas Equipment & Services,Canada,86069280,16
PSI.TO,PASON SYSTEMS INC.,Energy,Oil & Gas Equipment & Services,Canada,743646528,
PSK.TO,PRAIRIESKY ROYALTY LTD,Energy,Oil & Gas E&P,Canada,3070374912,58
PSLV.TO,error,,,,,
PSLV.U.TO,delisted,,,,,
PSU.U.TO,delisted,,,,,
PSY.TO,error,,,,,
PTB.TO,error,,,,,
PTG.TO,error,,,,,
PTI.UN.TO,delisted,,,,,
PTM.TO,PLATINUM GROUP METALS LTD.,Basic Materials,Other Precious Metals & Mining,Canada,352167200,13
PTS.TO,POINTS INTERNATIONAL LTD.,Communication Services,Internet Content & Information,Canada,260315232,265
PUD.TO,error,,,,,
PUD.B.TO,delisted,,,,,
PVG.TO,PRETIUM RESOURCES INC.,Basic Materials,Gold,Canada,2490984448,
PVS.PR.D.TO,error,,,,,
PVS.PR.E.TO,error,,,,,
PVS.PR.F.TO,error,,,,,
PVS.PR.G.TO,error,,,,,
PVS.PR.H.TO,error,,,,,
PVS.PR.I.TO,error,,,,,
PWF.PR.A.TO,error,,,,,
PWF.PR.E.TO,error,,,,,
PWF.PR.F.TO,error,,,,,
PWF.PR.G.TO,error,,,,,
PWF.PR.H.TO,error,,,,,
PWF.PR.I.TO,error,,,,,
PWF.PR.K.TO,error,,,,,
PWF.PR.L.TO,error,,,,,
PWF.PR.O.TO,error,,,,,
PWF.PR.P.TO,error,,,,,
PWF.PR.Q.TO,error,,,,,
PWF.PR.R.TO,error,,,,,
PWF.PR.S.TO,error,,,,,
PWF.PR.T.TO,error,,,,,
PWF.PR.Z.TO,error,,,,,
PXC.TO,error,,,,,
PXG.TO,error,,,,,
PXG.U.TO,delisted,,,,,
PXS.TO,error,,,,,
PXT.TO,PAREX RESOURCES INC,Energy,Oil & Gas E&P,Canada,2856545792,348
PXU.F.TO,delisted,,,,,
PYF.TO,error,,,,,
PYF.B.TO,delisted,,,,,
PYF.U.TO,delisted,,,,,
PZA.TO,PIZZA PIZZA ROYALTY CORP,Consumer Cyclical,Restaurants,Canada,337539872,
PZC.TO,error,,,,,
PZW.TO,error,,,,,
PZW.F.TO,delisted,,,,,
PZW.U.TO,delisted,,,,,
QAH.TO,error,,,,,
QBB.TO,error,,,,,
QBR.A.TO,delisted,,,,,
QBR.B.TO,delisted,,,,,
QBTC.TO,,,,Canada,,
QBTC.U.TO,delisted,,,,,
QBTL.TO,error,,,,,
QCD.TO,error,,,,,
QCE.TO,error,,,,,
QCN.TO,error,,,,,
QDX.TO,error,,,,,
QDXH.TO,error,,,,,
QEBH.TO,error,,,,,
QEBL.TO,error,,,,,
QEC.TO,QUESTERRE ENERGY CORP,Energy,Oil & Gas E&P,Canada,85503200,
QEM.TO,error,,,,,
QGL.TO,error,,,,,
QHY.TO,error,,,,,
QIE.TO,error,,,,,
QINF.TO,error,,,,,
QMA.TO,error,,,,,
QQC.F.TO,delisted,,,,,
QRET.TO,error,,,,,
QSB.TO,error,,,,,
QSP.UN.TO,delisted,,,,,
QSR.TO,RESTAURANT BRANDS INTERNATIONAL,Consumer Cyclical,Restaurants,Canada,26095697920,5200
QTRH.TO,QUARTERHILL INC,Technology,Communication Equipment,Canada,284661792,317
QUB.TO,error,,,,,
QUDV.TO,error,,,,,
QUIG.TO,error,,,,,
QUS.TO,error,,,,,
QUU.TO,error,,,,,
QUU.U.TO,delisted,,,,,
QXM.TO,error,,,,,
RA.UN.TO,delisted,,,,,
RAV.UN.TO,delisted,,,,,
RAY.A.TO,delisted,,,,,
RAY.B.TO,delisted,,,,,
RBA.TO,RITCHIE BROS AUCTIONEERS INC.,Industrials,Specialty Business Services,Canada,8221208064,2600
RBDI.TO,error,,,,,
RBN.UN.TO,delisted,,,,,
RBNK.TO,error,,,,,
RBO.TO,error,,,,,
RBOT.TO,error,,,,,
RBOT.U.TO,delisted,,,,,
RCD.TO,error,,,,,
RCE.TO,error,,,,,
RCH.TO,RICHELIEU HARDWARE LTD,Consumer Cyclical,"Furnishings, Fixtures & Appliances",Canada,2216197120,2200
RCI.A.TO,delisted,,,,,
RCI.B.TO,delisted,,,,,
RCO.UN.TO,delisted,,,,,
RDL.TO,REDLINE COMMUNICATIONS GROUP IN,Technology,Communication Equipment,Canada,9468525,105
REAL.TO,REAL MATTERS INC,Technology,Software—Application,Canada,1218926464,
RECP.TO,RECIPE UNLIMITED CORPORATION,Consumer Cyclical,Restaurants,Canada,1127256064,
REI.UN.TO,delisted,,,,,
REIT.TO,error,,,,,
RFP.TO,RESOLUTE FOREST PRODUCTS INC,Basic Materials,Paper & Paper Products,Canada,1053164800,7100
RGRE.TO,error,,,,,
RGRE.U.TO,delisted,,,,,
RIB.UN.TO,delisted,,,,,
RID.TO,error,,,,,
RID.U.TO,delisted,,,,,
RIDH.TO,error,,,,,
RIE.TO,error,,,,,
RIE.U.TO,delisted,,,,,
RIEH.TO,error,,,,,
RIFI.TO,error,,,,,
RIG.TO,error,,,,,
RIG.U.TO,delisted,,,,,
RIIN.TO,error,,,,,
RIRA.TO,error,,,,,
RIT.TO,error,,,,,
RIV.TO,RIV CAPITAL INC,Healthcare,Drug Manufacturers—Specialty & Generic,Canada,314892000,12
RLB.TO,error,,,,,
RLD.TO,error,,,,,
RLE.TO,error,,,,,
RMBO.TO,error,,,,,
RME.TO,delisted,,,,,
RNW.TO,TRANSALTA RENEWABLES INC,Utilities,Utilities—Renewable,Canada,5434084352,
ROOT.TO,ROOTS CORPORATION,Consumer Cyclical,Apparel Retail,Canada,135033920,
ROXG.TO,ROXGOLD INC,Basic Materials,Gold,Canada,573419520,
RPD.TO,error,,,,,
RPD.U.TO,delisted,,,,,
RPDH.TO,error,,,,,
RPF.TO,error,,,,,
RPI.UN.TO,delisted,,,,,
RPSB.TO,error,,,,,
RQH.TO,error,,,,,
RQI.TO,error,,,,,
RQJ.TO,error,,,,,
RQK.TO,error,,,,,
RQL.TO,error,,,,,
RQN.TO,error,,,,,
RQO.TO,error,,,,,
RQP.TO,error,,,,,
RS.TO,REAL ESTATE AND ECOMMERCE SPLIT,Financial Services,Asset Management,Canada,59600000,
RSI.TO,ROGERS SUGAR INC,Consumer Defensive,Confectioners,Canada,596373120,1243
RSI.DB.E.TO,error,,,,,
RSI.DB.F.TO,error,,,,,
RTG.TO,RTG MINING INC,Basic Materials,Other Industrial Metals & Mining,Australia,88125120,6
RUBH.TO,error,,,,,
RUBY.TO,error,,,,,
RUBY.U.TO,delisted,,,,,
RUD.TO,error,,,,,
RUD.U.TO,delisted,,,,,
RUDH.TO,error,,,,,
RUE.TO,error,,,,,
RUE.U.TO,delisted,,,,,
RUEH.TO,error,,,,,
RUS.TO,RUSSEL METALS,Industrials,Industrial Distribution,Canada,1612827904,3010
RUSB.TO,error,,,,,
RUSB.U.TO,delisted,,,,,
RVX.TO,RESVERLOGIX CORP.,Healthcare,Biotechnology,Canada,205908560,25
RVX.WT.TO,error,,,,,
RVX.WT.A.TO,error,,,,,
RWC.TO,error,,,,,
RWE.TO,error,,,,,
RWE.B.TO,delisted,,,,,
RWU.TO,error,,,,,
RWU.B.TO,delisted,,,,,
RWW.TO,error,,,,,
RWW.B.TO,delisted,,,,,
RWX.TO,error,,,,,
RWX.B.TO,delisted,,,,,
RXD.TO,error,,,,,
RXD.U.TO,delisted,,,,,
RXE.TO,error,,,,,
RXE.U.TO,delisted,,,,,
RY.TO,ROYAL BANK OF CANADA,Financial Services,Banks—Diversified,Canada,166792937472,84030
RY.PR.H.TO,error,,,,,
RY.PR.J.TO,error,,,,,
RY.PR.M.TO,error,,,,,
RY.PR.N.TO,error,,,,,
RY.PR.O.TO,error,,,,,
RY.PR.P.TO,error,,,,,
RY.PR.Q.TO,error,,,,,
RY.PR.R.TO,error,,,,,
RY.PR.S.TO,error,,,,,
RY.PR.Z.TO,error,,,,,
S.TO,SHERRITT INTL RV,Basic Materials,Other Industrial Metals & Mining,Canada,214533904,
S.WT.TO,delisted,,,,,
SAM.TO,STARCORE INTERNATIONAL MINES LT,Basic Materials,Other Industrial Metals & Mining,Canada,11915232,
SAP.TO,SAPUTO INC.,Consumer Defensive,Packaged Foods,Canada,15323290624,17200
SAU.TO,ST AUGUSTINE GOLD AND COPPER LT,Basic Materials,Other Industrial Metals & Mining,Singapore,61774432,20
SBB.TO,SABINA GOLD AND SILVER CORP,Basic Materials,Gold,Canada,633162432,26
SBC.TO,"BROMPTON SPLIT BANC CORP., CL A",Financial Services,Asset Management,Canada,177878448,
SBC.PR.A.TO,error,,,,,
SBI.TO,SERABI GOLD PLC,Basic Materials,Gold,United Kingdom,92639984,562
SBN.TO,"S SPLIT CORP., CL.A",Financial Services,Asset Management,Canada,4920198,
SBN.PR.A.TO,error,,,,,
SBR.TO,SILVER BEAR RESOURCES PLC,Basic Materials,Silver,United Kingdom,107692000,313
SBT.B.TO,delisted,,,,,
SBT.U.TO,delisted,,,,,
SCAD.TO,error,,,,,
SCL.TO,delisted,,,,,
SCR.TO,SCORE MEDIA AND GAMING INC,Communication Services,Electronic Gaming & Multimedia,Canada,1557112064,258
SCY.TO,SCANDIUM INTERNATIONAL MINING C,Basic Materials,Other Industrial Metals & Mining,United States,66396328,5
SEA.TO,SEABRIDGE GOLD INC.,Basic Materials,Gold,Canada,1564169088,
SEC.TO,SENVEST CAPITAL,Financial Services,Asset Management,Canada,804960896,32
SES.TO,SECURE ENERGY SERVICES INC.,Energy,Oil & Gas Equipment & Services,Canada,603059968,950
SFC.TO,SAGICOR FINANCIAL COMPANY LTD,Financial Services,Insurance—Diversified,Barbados,842765312,4530
SFC.WT.TO,error,,,,,
SFD.TO,NXT ENERGY SOLUTIONS INC,Energy,Oil & Gas Equipment & Services,Canada,32203450,10
SFIX.TO,error,,,,,
SGR.U.TO,delisted,,,,,
SGR.UN.TO,delisted,,,,,
SGY.TO,SURGE ENERGY INC,Energy,Oil & Gas E&P,Canada,210666704,71
SGY.DB.TO,error,,,,,
SGY.DB.A.TO,error,,,,,
SHLE.TO,SOURCE ENERGY SERVICES LTD,Energy,Oil & Gas Equipment & Services,Canada,29121966,354
SHOP.TO,SHOPIFY INC,Technology,Software—Application,Canada,163709812736,7000
SIA.TO,SIENNA SENIOR LIVING INC,Healthcare,Medical Care Facilities,Canada,972066944,
SID.TO,error,,,,,
SIH.UN.TO,delisted,,,,,
SII.TO,SPROTT INC.,Financial Services,Asset Management,Canada,1207521920,157
SIL.TO,SILVERCREST METALS INC,Basic Materials,Other Precious Metals & Mining,Canada,1476782336,
SINT.TO,error,,,,,
SIS.TO,SAVARIA CORP.,Industrials,Specialty Industrial Machinery,Canada,1154549120,1375
SJ.TO,STELLA JONES INC,Basic Materials,Lumber & Wood Production,Canada,3299382528,
SJR.B.TO,delisted,,,,,
SJR.PR.A.TO,error,,,,,
SJR.PR.B.TO,error,,,,,
SKE.TO,SKEENA RESOURCES LIMITED,Basic Materials,Other Industrial Metals & Mining,Canada,662808448,
SLF.TO,SUN LIFE FINANCIAL INC.,Financial Services,Insurance—Diversified,Canada,37479129088,23816
SLF.PR.A.TO,error,,,,,
SLF.PR.B.TO,error,,,,,
SLF.PR.C.TO,error,,,,,
SLF.PR.D.TO,error,,,,,
SLF.PR.E.TO,error,,,,,
SLF.PR.G.TO,error,,,,,
SLF.PR.H.TO,error,,,,,
SLF.PR.I.TO,error,,,,,
SLF.PR.J.TO,error,,,,,
SLF.PR.K.TO,error,,,,,
SLR.TO,SOLITARIO ZINC CORP,Basic Materials,Other Industrial Metals & Mining,United States,60003004,3
SMC.TO,SULLIDEN MINING CAPITAL INC,Basic Materials,Other Industrial Metals & Mining,Canada,6358149,
SMT.TO,SIERRA METALS INC,Basic Materials,Other Industrial Metals & Mining,Canada,657756480,1317
SMU.UN.TO,delisted,,,,,
SNC.TO,SNC-LAVALIN SV,Industrials,Engineering & Construction,Canada,4761024512,37584
SOLG.TO,SOLGOLD PLC,Basic Materials,Other Industrial Metals & Mining,Australia,772741184,463
SOP.TO,SOPERIOR FERTILIZER CORP,Basic Materials,Other Industrial Metals & Mining,Canada,15051540,
SOT.DB.TO,error,,,,,
SOT.UN.TO,delisted,,,,,
SOY.TO,"SUNOPTA, INC.",Consumer Defensive,Packaged Foods,Canada,1925724416,1451
SPB.TO,SUPERIOR PLUS CORP.,Utilities,Utilities—Regulated Gas,Canada,2513280000,
SPG.TO,SPARK POWER GROUP INC,Utilities,Utilities—Renewable,Canada,85302864,
SPG.WT.TO,delisted,,,,,
SPPP.TO,error,,,,,
SPPP.U.TO,delisted,,,,,
SRHI.TO,SRHI INC,Basic Materials,Copper,Canada,16369284,180
SRHI.WT.TO,error,,,,,
SRU.UN.TO,delisted,,,,,
SRV.UN.TO,delisted,,,,,
SRX.TO,STORM RESOURCES LTD,Energy,Oil & Gas E&P,Canada,328560320,
SSF.UN.TO,delisted,,,,,
SSL.TO,SANDSTORM GOLD LTD,Basic Materials,Gold,Canada,1679175808,
SSL.WT.TO,error,,,,,
SSRM.TO,SSR MINING INC,Basic Materials,Gold,Canada,4020709376,
STEP.TO,STEP ENERGY SERVICES LTD,Energy,Oil & Gas Equipment & Services,Canada,94122184,858
STGO.TO,STEPPE GOLD LTD,Basic Materials,Gold,Mongolia,160388800,68
STLC.TO,STELCO HOLDINGS INC,Basic Materials,Steel,Canada,2396138240,2201
STN.TO,STANTEC INC,Industrials,Engineering & Construction,Canada,5979778560,22000
STPL.TO,error,,,,,
SU.TO,SUNCOR ENERGY INC.,Energy,Oil & Gas Integrated,Canada,40774692864,12591
SUSA.TO,error,,,,,
SVB.TO,SILVER BULL RESOURCES INC,Basic Materials,Other Industrial Metals & Mining,Canada,32718392,4
SVM.TO,SILVERCORP METALS INC.,Basic Materials,Silver,Canada,1095987456,
SVR.TO,error,,,,,
SVR.C.TO,delisted,,,,,
SW.TO,SIERRA WIRELESS,Technology,Communication Equipment,Canada,709779648,1051
SWP.TO,SWISS WATER DECAFFEINATED COFFE,Consumer Defensive,Packaged Foods,Canada,28325792,79
SXI.TO,SYNEX INTL J,Utilities,Utilities—Regulated Electric,Canada,11247553,5
SXP.TO,SUPREMEX INC.,Consumer Cyclical,Packaging & Containers,Canada,60379820,850
SYLD.TO,error,,,,,
SZLS.TO,STAGEZERO LIFE SCIENCES LTD,Healthcare,Diagnostics & Research,Canada,77199920,
SZLS.WT.TO,delisted,,,,,
T.TO,TELUS CORPORATION,Communication Services,Telecom Services,Canada,32853008384,78100
TA.TO,TRANSALTA CORPORATION,Utilities,Utilities—Independent Power Producers,Canada,3176523008,1476
TA.PR.D.TO,error,,,,,
TA.PR.E.TO,error,,,,,
TA.PR.F.TO,error,,,,,
TA.PR.H.TO,error,,,,,
TA.PR.J.TO,error,,,,,
TBL.TO,TAIGA BUILDING PRODUCTS LTD.,Consumer Cyclical,Home Improvement Retail,Canada,289807136,563
TBP.TO,TETRA BIO PHARMA INC,Healthcare,Biotechnology,Canada,68108920,
TBP.WT.TO,delisted,,,,,
TBP.WT.A.TO,error,,,,,
TBP.WT.B.TO,error,,,,,
TC.TO,TUCOWS INC.,Technology,Software—Infrastructure,Canada,1090458496,800
TCL.A.TO,delisted,,,,,
TCL.B.TO,delisted,,,,,
TCLB.TO,error,,,,,
TCLV.TO,error,,,,,
TCN.TO,TRICON RESIDENTIAL INC,Real Estate,Real Estate Services,Canada,2439812864,639
TCN.DB.U.TO,error,,,,,
TCS.TO,TECSYS INC J,Technology,Software—Application,Canada,635307136,514
TCSB.TO,error,,,,,
TCT.UN.TO,delisted,,,,,
TCW.TO,TRICAN WELL,Energy,Oil & Gas Equipment & Services,Canada,528245376,804
TD.TO,TORONTO-DOMINION BANK,Financial Services,Banks—Diversified,Canada,150714793984,90000
TD.PF.A.TO,error,,,,,
TD.PF.B.TO,error,,,,,
TD.PF.C.TO,error,,,,,
TD.PF.D.TO,error,,,,,
TD.PF.E.TO,error,,,,,
TD.PF.F.TO,error,,,,,
TD.PF.G.TO,error,,,,,
TD.PF.H.TO,error,,,,,
TD.PF.I.TO,error,,,,,
TD.PF.J.TO,error,,,,,
TD.PF.K.TO,error,,,,,
TD.PF.L.TO,error,,,,,
TD.PF.M.TO,error,,,,,
TDB.TO,error,,,,,
TEC.TO,error,,,,,
TECK.A.TO,delisted,,,,,
TECK.B.TO,delisted,,,,,
TEI.TO,delisted,,,,,
TEV.TO,TERVITA CORPORATION,Energy,Oil & Gas Equipment & Services,Canada,557457088,1213
TF.TO,TIMBERCREEK FINANCIAL CORP,Financial Services,Mortgage Finance,Canada,714235712,
TF.DB.A.TO,error,,,,,
TF.DB.B.TO,error,,,,,
TF.DB.C.TO,error,,,,,
TFII.TO,TFI INTERNATIONAL INC,Industrials,Trucking,Canada,8526711808,16753
TGED.TO,error,,,,,
TGFI.TO,error,,,,,
TGGR.TO,error,,,,,
TGL.TO,TRANSGLOBE ENERGY CORP,Energy,Oil & Gas E&P,Canada,148711296,56
TGO.TO,TERAGO INC.,Communication Services,Telecom Services,Canada,93867200,
TGOD.TO,THE GREEN ORGANIC DUTCHMAN HOLD,Healthcare,Drug Manufacturers—Specialty & Generic,Canada,155523696,
TGOD.WA.TO,delisted,,,,,
TGOD.WR.TO,delisted,,,,,
TGOD.WS.TO,delisted,,,,,
TGOD.WT.TO,delisted,,,,,
TGRE.TO,error,,,,,
TGZ.TO,TERANGA GOLD CORPORATION,Basic Materials,Gold,Canada,2066360064,
TH.TO,THERATECHNOLOGIES,Healthcare,Drug Manufacturers—Specialty & Generic,Canada,426039488,54
TH.DB.U.TO,error,,,,,
The.TO,error,,,,,
THU.TO,error,,,,,
TI.TO,TITAN MINING CORPORATION,Basic Materials,Other Industrial Metals & Mining,Canada,86166360,117
TIH.TO,TOROMONT IND,Industrials,Industrial Distribution,Canada,7785612288,6000
TILV.TO,error,,,,,
TINF.TO,error,,,,,
TKO.TO,TASEKO MINES LTD.,Basic Materials,Other Industrial Metals & Mining,Canada,611347008,
TLF.TO,error,,,,,
TLF.U.TO,delisted,,,,,
TLG.TO,TROILUS GOLD CORP,Basic Materials,Other Industrial Metals & Mining,Canada,141463632,21
TLO.TO,TALON METALS CORP.,Basic Materials,Other Industrial Metals & Mining,British Virgin Islands,497519840,9
TLV.TO,error,,,,,
TMD.TO,TITAN MEDICAL INC,Healthcare,Medical Devices,Canada,245336000,
TMD.WT.F.TO,error,,,,,
TMD.WT.G.TO,error,,,,,
TMD.WT.H.TO,error,,,,,
TMD.WT.I.TO,error,,,,,
TML.TO,TREASURY METALS INC.,Basic Materials,Gold,Canada,102404120,
TMQ.TO,TRILOGY METALS INC,Basic Materials,Other Industrial Metals & Mining,Canada,395069632,8
TMR.TO,TMAC RESOURCES INC,,,Canada,286611616,286
TNP.TO,TRANSATLANTIC PETROLEUM LTD.,Basic Materials,Independent Oil & Gas,United States,12977052,147
TNT.UN.TO,delisted,,,,,
TNX.TO,TANZANIAN GOLD CORPORATION,Basic Materials,Gold,Canada,190459040,
TOCA.TO,error,,,,,
TOCC.TO,error,,,,,
TOCM.TO,error,,,,,
TOG.TO,error,,,,,
TOT.TO,TOTAL ENERGY SERVICES INC.,Energy,Oil & Gas Equipment & Services,Canada,175815904,
TOU.TO,TOURMALINE OIL CORP,Energy,Oil & Gas E&P,Canada,7040619008,296
TOY.TO,SPIN MASTER CORP,Consumer Cyclical,Leisure,Canada,3626099968,
TPAY.TO,error,,,,,
TPE.TO,error,,,,,
TPRF.TO,error,,,,,
TPU.TO,error,,,,,
TPX.A.TO,delisted,,,,,
TPX.B.TO,delisted,,,,,
TPZ.TO,TOPAZ ENERGY CORP,Energy,Oil & Gas Midstream,Canada,1624818048,4
TQCD.TO,error,,,,,
TQGD.TO,error,,,,,
TQGM.TO,error,,,,,
TQSM.TO,error,,,,,
TRI.TO,THOMSON REUTERS CORPORATION,Industrials,Consulting Services,Canada,55057567744,24000
TRI.PR.B.TO,error,,,,,
TRIL.TO,TRILLIUM THERAPEUTICS INC,Healthcare,Biotechnology,Canada,1339428992,33
TRL.TO,TRILOGY INTERNATIONAL PARTNERS ,Communication Services,Telecom Services,United States,100515224,1635
TRL.WT.TO,error,,,,,
TRP.TO,TC ENERGY CORP.,Energy,Oil & Gas Midstream,Canada,58742112256,7283
TRP.PR.A.TO,error,,,,,
TRP.PR.B.TO,error,,,,,
TRP.PR.C.TO,error,,,,,
TRP.PR.D.TO,error,,,,,
TRP.PR.E.TO,error,,,,,
TRP.PR.F.TO,error,,,,,
TRP.PR.G.TO,error,,,,,
TRP.PR.H.TO,error,,,,,
TRP.PR.I.TO,error,,,,,
TRP.PR.J.TO,error,,,,,
TRP.PR.K.TO,error,,,,,
TRQ.TO,TURQUOISE HILL RESOURCES LTD,Basic Materials,Copper,Canada,4121210880,3093
TRZ.TO,TRANSAT AT INC,Consumer Cyclical,Travel Services,Canada,211006288,5100
TSK.TO,TALISKER RESOURCES LTD,Basic Materials,Other Industrial Metals & Mining,Canada,72944624,
TSL.TO,TREE ISLAND STEEL LTD,Basic Materials,Steel,Canada,106235248,
TSU.TO,TRISURA GROUP LTD,Financial Services,Insurance—Specialty,Canada,1219945344,
TTP.TO,error,,,,,
TUED.TO,error,,,,,
TUHY.TO,error,,,,,
TULB.TO,error,,,,,
TULV.TO,error,,,,,
TUSB.TO,error,,,,,
TUSB.U.TO,delisted,,,,,
TUT.UN.TO,delisted,,,,,
TV.TO,TREVALI MINING CORPORATION,Basic Materials,Other Industrial Metals & Mining,Canada,187927664,
TVA.B.TO,delisted,,,,,
TVE.TO,TAMARACK VALLEY ENERGY LTD,Energy,Oil & Gas E&P,Canada,693018816,
TVK.TO,TERRAVEST INDUSTRIES INC,Energy,Oil & Gas Equipment & Services,Canada,314280160,
TWC.TO,TWC ENTERPRISES LIMITED,Consumer Cyclical,Leisure,Canada,550382784,
TWM.TO,TIDEWATER MIDSTREAM AND INFRAS ,Energy,Oil & Gas Midstream,Canada,369616800,419
TWM.DB.TO,error,,,,,
TXF.TO,error,,,,,
TXF.B.TO,delisted,,,,,
TXG.TO,TOREX GOLD RESOURCES INC,Basic Materials,Gold,Canada,1395867648,
TXP.TO,TOUCHSTONE EXPLORATION INC,Energy,Oil & Gas E&P,Canada,490444992,91
TXT.PR.A.TO,error,,,,,
TXT.UN.TO,delisted,,,,,
TZS.TO,TREZ CAPITAL SENIOR MORTGAGE IN,Financial Services,Asset Management,Canada,14928863,
U.TO,URANIUM PARTICIPATION CORP.,Energy,Uranium,Canada,719230208,
UDA.TO,error,,,,,
UEX.TO,UEX CORP,Basic Materials,Other Industrial Metals & Mining,Canada,135655808,8
UFS.TO,DOMTAR CORPORATION,Basic Materials,Paper & Paper Products,United States,2322318336,6600
ULV.C.TO,delisted,,,,,
ULV.F.TO,delisted,,,,,
ULV.U.TO,delisted,,,,,
UMI.TO,error,,,,,
UMI.B.TO,delisted,,,,,
UNC.TO,UNITED CORP LTD,Financial Services,Asset Management,Canada,1285465600,
UNC.PR.A.TO,error,,,,,
UNC.PR.B.TO,error,,,,,
UNC.PR.C.TO,error,,,,,
UNI.TO,UNISYNC CORP,Consumer Cyclical,Apparel Manufacturing,Canada,47911116,316
UNS.TO,UNI SELECT INC,Consumer Cyclical,Auto Parts,Canada,381485696,4800
URB.TO,URBANA CORPORATION,Financial Services,Asset Management,Canada,132324632,
URB.A.TO,delisted,,,,,
URE.TO,UR-ENERGY INC.,Energy,Uranium,United States,292750048,18
USA.TO,AMERICAS GOLD AND SILVER CORPOR,Basic Materials,Other Industrial Metals & Mining,Canada,349897856,
USB.TO,error,,,,,
USB.U.TO,delisted,,,,,
USF.UN.TO,delisted,,,,,
UTE.UN.TO,delisted,,,,,
UXM.TO,error,,,,,
UXM.B.TO,delisted,,,,,
VA.TO,error,,,,,
VAB.TO,error,,,,,
VB.TO,VERSABANK,Financial Services,Banks—Regional,Canada,322134912,
VB.PR.A.TO,error,,,,,
VB.PR.B.TO,error,,,,,
VBAL.TO,error,,,,,
VBG.TO,error,,,,,
VBU.TO,error,,,,,
VCB.TO,error,,,,,
VCE.TO,error,,,,,
VCIP.TO,error,,,,,
VCM.TO,VECIMA NETWORKS INC.,Technology,Communication Equipment,Canada,331423616,466
VCN.TO,error,,,,,
VCNS.TO,error,,,,,
VDU.TO,error,,,,,
VDY.TO,error,,,,,
VE.TO,error,,,,,
VEE.TO,error,,,,,
VEF.TO,error,,,,,
VEQT.TO,error,,,,,
VET.TO,VERMILION ENERGY INC,Energy,Oil & Gas E&P,Canada,1511139072,747
VFF.TO,VILLAGE FARMS INTERNATIONAL INC,Consumer Defensive,Farm Products,Canada,1310949376,900
VFV.TO,error,,,,,
VGAB.TO,error,,,,,
VGCX.TO,VICTORIA GOLD CORP,Basic Materials,Gold,Canada,783295360,399
VGG.TO,error,,,,,
VGH.TO,error,,,,,
VGRO.TO,error,,,,,
VGV.TO,error,,,,,
VGZ.TO,VISTA GOLD CORP,Basic Materials,Gold,United States,138672448,
VI.TO,error,,,,,
VIDY.TO,error,,,,,
VII.TO,SEVEN GENERATIONS ENERGY LTD,Energy,Oil & Gas E&P,Canada,2793892096,224
VIU.TO,error,,,,,
VIVO.TO,VIVO CANNABIS INC,Healthcare,Drug Manufacturers—Specialty & Generic,Canada,62395952,259
VLB.TO,error,,,,,
VLE.TO,VALEURA ENERGY INC,Energy,Oil & Gas E&P,Canada,49353448,82
VLN.TO,"VELAN INC., SV",Industrials,Specialty Industrial Machinery,Canada,222763392,1695
VLNS.TO,THE VALENS COMPANYINC,Healthcare,Drug Manufacturers—Specialty & Generic,Canada,380254688,203
VLNS.WT.TO,error,,,,,
VMD.TO,VIEMED HEALTHCARE INC,Healthcare,Medical Devices,United States,481067840,511
VMO.TO,error,,,,,
VNP.TO,5N PLUS INC.,Basic Materials,Specialty Chemicals,Canada,369879520,578
VRE.TO,error,,,,,
VRIF.TO,error,,,,,
VSB.TO,error,,,,,
VSC.TO,error,,,,,
VSP.TO,error,,,,,
VUN.TO,error,,,,,
VUS.TO,error,,,,,
VVL.TO,error,,,,,
VVO.TO,error,,,,,
VXC.TO,error,,,,,
VXM.TO,error,,,,,
VXM.B.TO,delisted,,,,,
W.PR.K.TO,error,,,,,
W.PR.M.TO,error,,,,,
WBR.TO,WATERLOO BREWING LTD,Consumer Defensive,Beverages—Brewers,Canada,220558752,
WCM.A.TO,delisted,,,,,
WCM.B.TO,delisted,,,,,
WCN.TO,WASTE CONNECTIONS INC,Industrials,Waste Management,Canada,35198812160,18933
WCP.TO,WHITECAP RESOURCES INC,Energy,Oil & Gas E&P,Canada,3297283840,278
WDO.TO,WESDOME GOLD MINES LTD.,Basic Materials,Gold,Canada,1182112000,
WEED.TO,CANOPY GROWTH CORPORATION,Healthcare,Drug Manufacturers—Specialty & Generic,Canada,15367910400,4434
WEF.TO,WESTERN FOREST PRODUCTS INC.,Basic Materials,Lumber & Wood Production,Canada,690426880,2153
WELL.TO,WELL HEALTH TECHNOLOGIES CORP,Healthcare,Medical Care Facilities,Canada,1209452672,
WFC.TO,WALL FINANCIAL,Real Estate,Real Estate—Development,Canada,713021376,471
WFS.TO,WORLD FINANCIAL SPLIT CORP,Financial,Asset Management,Canada,2850576,
WFS.PR.A.TO,error,,,,,
WFT.TO,error,,,,,
WILD.TO,WILDBRAIN LTD,Communication Services,Entertainment,Canada,479107680,700
WILD.DB.TO,error,,,,,
WIR.U.TO,delisted,,,,,
WIR.UN.TO,delisted,,,,,
WJX.TO,WAJAX CORPORATION,Industrials,Industrial Distribution,Canada,419901376,2615
WJX.DB.TO,error,,,,,
WLLW.TO,WILLOW BIOSCIENCES INC,Healthcare,Drug Manufacturers—Specialty & Generic,Canada,173807872,
WLLW.WT.TO,delisted,,,,,
WM.TO,WALLBRIDGE MINING COMPANY LTD,Basic Materials,Other Industrial Metals & Mining,Canada,457408288,
WN.TO,WESTON GEORGE,Consumer Defensive,Grocery Stores,Canada,16581339136,226299
WN.PR.A.TO,error,,,,,
WN.PR.C.TO,error,,,,,
WN.PR.D.TO,error,,,,,
WN.PR.E.TO,error,,,,,
WOMN.TO,error,,,,,
WPK.TO,WINPAK LTD,Consumer Cyclical,Packaging & Containers,Canada,2900300032,2507
WPM.TO,WHEATON PRECIOUS METALS CORP,Basic Materials,Gold,Canada,21520431104,39
WPRT.TO,WESTPORT FUEL SYSTEMS INC,Consumer Cyclical,Auto Parts,Canada,1332110464,1313
WRG.TO,WESTERN ENERGY SERVICES CORP,Energy,Oil & Gas Drilling,Canada,32819438,
WRN.TO,WESTERN COPPER AND GOLD CORP,Basic Materials,Other Industrial Metals & Mining,Canada,223736704,9
WRX.TO,WESTERN RESOURCES CORP,Basic Materials,Other Industrial Metals & Mining,Canada,30834212,23
WSP.TO,WSP GLOBAL INC,Industrials,Engineering & Construction,Canada,13700147200,
WSRD.TO,error,,,,,
WSRI.TO,error,,,,,
WTE.TO,WESTSHORE TERMINALS INVESTMENT ,Industrials,Marine Shipping,Canada,1280508288,237
WXM.TO,error,,,,,
X.TO,TMX GROUP LIMITED,Financial Services,Financial Data & Stock Exchanges,Canada,7295496704,1383
XAM.TO,XANADU MINES LTD,Basic Materials,Other Precious Metals & Mining,Mongolia,73147200,
XAU.TO,GOLDMONEY INC,Financial Services,Capital Markets,Canada,236917728,77
XAW.TO,error,,,,,
XAW.U.TO,delisted,,,,,
XBAL.TO,error,,,,,
XBB.TO,error,,,,,
XBM.TO,error,,,,,
XCB.TO,error,,,,,
XCD.TO,error,,,,,
XCG.TO,error,,,,,
XCH.TO,error,,,,,
XCNS.TO,error,,,,,
XCS.TO,error,,,,,
XCSR.TO,error,,,,,
XCT.TO,EXACTEARTH LTD,Technology,Software—Application,Canada,66714572,33
XCV.TO,error,,,,,
XDG.TO,error,,,,,
XDG.U.TO,delisted,,,,,
XDGH.TO,error,,,,,
XDIV.TO,error,,,,,
XDSR.TO,error,,,,,
XDU.TO,error,,,,,
XDU.U.TO,delisted,,,,,
XDUH.TO,error,,,,,
XDV.TO,error,,,,,
XEB.TO,error,,,,,
XEC.TO,error,,,,,
XEC.U.TO,delisted,,,,,
XEF.TO,error,,,,,
XEF.U.TO,delisted,,,,,
XEG.TO,error,,,,,
XEH.TO,error,,,,,
XEI.TO,error,,,,,
XEM.TO,error,,,,,
XEN.TO,error,,,,,
XEQT.TO,error,,,,,
XESG.TO,error,,,,,
XEU.TO,error,,,,,
XFA.TO,error,,,,,
XFC.TO,error,,,,,
XFF.TO,error,,,,,
XFH.TO,error,,,,,
XFI.TO,error,,,,,
XFN.TO,error,,,,,
XFR.TO,error,,,,,
XFS.TO,error,,,,,
XFS.U.TO,delisted,,,,,
XGB.TO,error,,,,,
XGD.TO,error,,,,,
XGI.TO,error,,,,,
XGRO.TO,error,,,,,
XHB.TO,error,,,,,
XHC.TO,error,,,,,
XHD.TO,error,,,,,
XHU.TO,error,,,,,
XHY.TO,error,,,,,
XIC.TO,error,,,,,
XID.TO,error,,,,,
XIG.TO,error,,,,,
XIN.TO,error,,,,,
XINC.TO,error,,,,,
XIT.TO,error,,,,,
XIU.TO,error,,,,,
XLB.TO,error,,,,,
XMA.TO,error,,,,,
XMC.TO,error,,,,,
XMC.U.TO,delisted,,,,,
XMD.TO,error,,,,,
XMF.A.TO,delisted,,,,,
XMF.PR.B.TO,error,,,,,
XMF.PR.C.TO,error,,,,,
XMH.TO,error,,,,,
XMI.TO,error,,,,,
XML.TO,error,,,,,
XMM.TO,error,,,,,
XMS.TO,error,,,,,
XMTM.TO,error,,,,,
XMU.TO,error,,,,,
XMU.U.TO,delisted,,,,,
XMV.TO,error,,,,,
XMW.TO,error,,,,,
XMY.TO,error,,,,,
XPF.TO,error,,,,,
XQB.TO,error,,,,,
XQLT.TO,error,,,,,
XQQ.TO,error,,,,,
XRB.TO,error,,,,,
XRE.TO,error,,,,,
XSAB.TO,error,,,,,
XSB.TO,error,,,,,
XSC.TO,error,,,,,
XSE.TO,error,,,,,
XSEA.TO,error,,,,,
XSEM.TO,error,,,,,
XSH.TO,error,,,,,
XSI.TO,error,,,,,
XSMC.TO,error,,,,,
XSMH.TO,error,,,,,
XSP.TO,error,,,,,
XSQ.TO,error,,,,,
XST.TO,error,,,,,
XSTB.TO,error,,,,,
XSU.TO,error,,,,,
XSUS.TO,error,,,,,
XTC.TO,EXCO TECH,Consumer Cyclical,Auto Parts,Canada,426854016,4800
XTD.TO,"TDB SPLIT CORP., CLASS A SHARES",Financial Services,Asset Management,Canada,30540646,
XTD.PR.A.TO,error,,,,,
XTG.TO,XTRA GOLD RESOURCES CORP,Basic Materials,Gold,Bahamas,54369084,
XTR.TO,error,,,,,
XUH.TO,error,,,,,
XUS.TO,error,,,,,
XUS.U.TO,delisted,,,,,
XUSR.TO,error,,,,,
XUT.TO,error,,,,,
XUU.TO,error,,,,,
XUU.U.TO,delisted,,,,,
XVLU.TO,error,,,,,
XWD.TO,error,,,,,
XXM.TO,error,,,,,
XXM.B.TO,delisted,,,,,
Y.TO,YELLOW PAGES LIMITED,Communication Services,Publishing,Canada,335894816,
Y.WT.TO,error,,,,,
YCM.TO,COMMERCE SPLIT CORP CAPITAL SHA,Financial Services,Asset Management,Canada,3137862,
YCM.PR.A.TO,error,,,,,
YCM.PR.B.TO,error,,,,,
YGR.TO,YANGARRA RESOURCES LTD,Energy,Oil & Gas E&P,Canada,100748392,64
YPG.DB.TO,error,,,,,
YRB.TO,YORBEAU RESOURCES INC,Basic Materials,Gold,Canada,18211800,9
YRI.TO,YAMANA GOLD INC,Basic Materials,Gold,Canada,5448074752,
YXM.TO,error,,,,,
YXM.B.TO,delisted,,,,,
ZAG.TO,error,,,,,
ZBAL.TO,error,,,,,
ZBBB.TO,error,,,,,
ZBK.TO,error,,,,,
ZCB.TO,error,,,,,
ZCH.TO,error,,,,,
ZCM.TO,error,,,,,
ZCN.TO,error,,,,,
ZCON.TO,error,,,,,
ZCPB.TO,error,,,,,
ZCS.TO,error,,,,,
ZCS.L.TO,delisted,,,,,
ZDB.TO,error,,,,,
ZDH.TO,error,,,,,
ZDI.TO,error,,,,,
ZDJ.TO,error,,,,,
ZDM.TO,error,,,,,
ZDV.TO,error,,,,,
ZDY.TO,error,,,,,
ZDY.U.TO,delisted,,,,,
ZEA.TO,error,,,,,
ZEB.TO,error,,,,,
ZEF.TO,error,,,,,
ZEM.TO,error,,,,,
ZENA.TO,ZENABIS GLOBAL INC,Healthcare,Drug Manufacturers—Specialty & Generic,Canada,104508688,794
ZENA.WT.TO,delisted,,,,,
ZEO.TO,error,,,,,
ZEQ.TO,error,,,,,
ZESG.TO,error,,,,,
ZFC.TO,error,,,,,
ZFH.TO,error,,,,,
ZFL.TO,error,,,,,
ZFM.TO,error,,,,,
ZFN.TO,error,,,,,
ZFS.TO,error,,,,,
ZFS.L.TO,delisted,,,,,
ZGB.TO,error,,,,,
ZGD.TO,error,,,,,
ZGI.TO,error,,,,,
ZGQ.TO,error,,,,,
ZGRO.TO,error,,,,,
ZGSB.TO,error,,,,,
ZHP.TO,error,,,,,
ZHU.TO,error,,,,,
ZHY.TO,error,,,,,
ZIC.TO,error,,,,,
ZIC.U.TO,delisted,,,,,
ZID.TO,error,,,,,
ZIN.TO,error,,,,,
ZJG.TO,error,,,,,
ZJK.TO,error,,,,,
ZJN.TO,error,,,,,
ZJO.TO,error,,,,,
ZLB.TO,error,,,,,
ZLC.TO,error,,,,,
ZLD.TO,error,,,,,
ZLE.TO,error,,,,,
ZLH.TO,error,,,,,
ZLI.TO,error,,,,,
ZLU.TO,error,,,,,
ZLU.U.TO,delisted,,,,,
ZMBS.TO,error,,,,,
ZMI.TO,error,,,,,
ZMID.TO,error,,,,,
ZMID.U.TO,delisted,,,,,
ZMP.TO,error,,,,,
ZMSB.TO,error,,,,,
ZMT.TO,error,,,,,
ZMU.TO,error,,,,,
ZNQ.TO,error,,,,,
ZPAY.TO,error,,,,,
ZPAY.F.TO,delisted,,,,,
ZPAY.U.TO,delisted,,,,,
ZPH.TO,error,,,,,
ZPL.TO,error,,,,,
ZPR.TO,error,,,,,
ZPS.TO,error,,,,,
ZPW.TO,error,,,,,
ZPW.U.TO,delisted,,,,,
ZQB.TO,error,,,,,
ZQQ.TO,error,,,,,
ZRE.TO,error,,,,,
ZRR.TO,error,,,,,
ZSB.TO,error,,,,,
ZSML.TO,error,,,,,
ZSML.F.TO,delisted,,,,,
ZSML.U.TO,delisted,,,,,
ZSP.TO,error,,,,,
ZSP.U.TO,delisted,,,,,
ZST.TO,error,,,,,
ZST.L.TO,delisted,,,,,
ZSU.TO,error,,,,,
ZUB.TO,error,,,,,
ZUD.TO,error,,,,,
ZUE.TO,error,,,,,
ZUH.TO,error,,,,,
ZUP.TO,error,,,,,
ZUP.U.TO,delisted,,,,,
ZUQ.TO,error,,,,,
ZUQ.F.TO,delisted,,,,,
ZUQ.U.TO,delisted,,,,,
ZUS.U.TO,delisted,,,,,
ZUS.V.TO,delisted,,,,,
ZUT.TO,error,,,,,
ZVC.TO,error,,,,,
ZVI.TO,error,,,,,
ZVU.TO,error,,,,,
ZWA.TO,error,,,,,
ZWB.TO,error,,,,,
ZWC.TO,error,,,,,
ZWE.TO,error,,,,,
ZWG.TO,error,,,,,
ZWH.TO,error,,,,,
ZWH.U.TO,delisted,,,,,
ZWK.TO,error,,,,,
ZWP.TO,error,,,,,
ZWS.TO,error,,,,,
ZWU.TO,error,,,,,
ZXM.TO,error,,,,,
ZXM.B.TO,delisted,,,,,
ZZZ.TO,SLEEP COUNTRY CANADA HOLDINGS I,Consumer Cyclical,Specialty Retail,Canada,1176627712,1434
ZZZD.TO,error,,,,,
